customer_segment,repeat_customer_rate,loyalty_member_ratio,customer_satisfaction_score,churn_rate
Budget,0.48,0.3,3.29,0.15
Enterprise,0.46,0.27,4.22,0.07
Budget,0.47,0.11,4.88,0.13
Enterprise,0.75,0.26,4.33,0.1
Enterprise,0.54,0.41,4.92,0.18
Premium,0.24,0.69,4.54,0.08
Enterprise,0.6,0.5,4.18,0.09
Enterprise,0.51,0.36,3.05,0.07
Premium,0.37,0.2,4.86,0.17
Premium,0.34,0.36,4.64,0.18
Budget,0.44,0.14,3.51,0.09
Budget,0.41,0.48,4.36,0.13
Premium,0.52,0.15,4.67,0.1
Enterprise,0.26,0.66,3.8,0.13
Budget,0.52,0.25,3.19,0.18
Budget,0.73,0.61,4.87,0.17
Premium,0.63,0.24,3.65,0.16
Premium,0.78,0.34,4.78,0.14
Premium,0.8,0.38,3.56,0.18
Budget,0.31,0.26,3.97,0.11
Premium,0.64,0.52,4.4,0.1
Premium,0.32,0.14,3.79,0.06
Enterprise,0.22,0.12,4.65,0.1
Enterprise,0.28,0.18,4.94,0.16
Budget,0.3,0.19,3.5,0.13
Premium,0.23,0.44,3.32,0.07
Budget,0.3,0.36,3.8,0.14
Premium,0.57,0.67,4.89,0.18
Premium,0.74,0.22,3.14,0.07
Enterprise,0.5,0.52,3.7,0.19
Budget,0.55,0.62,4.12,0.09
Enterprise,0.43,0.11,4.81,0.06
Budget,0.67,0.57,3.18,0.12
Enterprise,0.7,0.62,4.68,0.11
Budget,0.77,0.69,4.51,0.11
Budget,0.44,0.44,4.48,0.17
Premium,0.21,0.68,3.09,0.18
Premium,0.47,0.48,4.17,0.19
Enterprise,0.34,0.26,3.72,0.09
Enterprise,0.69,0.67,4.45,0.14
Premium,0.65,0.34,4.66,0.14
Budget,0.8,0.43,4.54,0.19
Premium,0.36,0.11,4.0,0.12
Enterprise,0.22,0.55,4.24,0.16
Budget,0.67,0.34,4.24,0.18
Enterprise,0.41,0.23,4.16,0.1
Enterprise,0.6,0.2,3.38,0.06
Premium,0.5,0.51,3.08,0.17
Premium,0.52,0.65,3.47,0.16
Enterprise,0.52,0.16,3.89,0.13
Premium,0.41,0.49,3.96,0.14
Enterprise,0.54,0.31,4.97,0.14
Budget,0.79,0.39,4.45,0.17
Premium,0.5,0.25,3.23,0.14
Enterprise,0.32,0.51,3.18,0.07
Enterprise,0.78,0.17,4.46,0.19
Premium,0.34,0.48,4.82,0.1
Enterprise,0.55,0.31,3.78,0.13
Premium,0.52,0.64,4.58,0.07
Budget,0.69,0.17,4.69,0.07
Enterprise,0.31,0.65,4.17,0.11
Premium,0.26,0.65,4.58,0.05
Premium,0.79,0.6,3.25,0.19
Enterprise,0.56,0.17,3.83,0.18
Premium,0.22,0.29,4.56,0.09
Enterprise,0.5,0.46,3.13,0.16
Enterprise,0.52,0.42,3.96,0.12
Budget,0.22,0.19,4.43,0.15
Budget,0.68,0.69,4.21,0.17
Premium,0.32,0.12,3.36,0.14
Enterprise,0.42,0.62,3.44,0.2
Budget,0.62,0.34,3.44,0.15
Budget,0.59,0.6,3.41,0.05
Enterprise,0.7,0.34,4.54,0.11
Enterprise,0.38,0.44,3.95,0.15
Enterprise,0.29,0.47,3.95,0.1
Enterprise,0.78,0.57,4.38,0.13
Premium,0.35,0.39,3.44,0.2
Budget,0.77,0.38,4.72,0.18
Enterprise,0.4,0.53,3.13,0.1
Premium,0.8,0.31,4.53,0.11
Premium,0.2,0.38,3.59,0.18
Budget,0.48,0.47,3.33,0.2
Budget,0.31,0.57,3.7,0.06
Premium,0.48,0.47,4.5,0.06
Budget,0.72,0.59,4.31,0.13
Budget,0.6,0.43,4.73,0.16
Budget,0.61,0.47,4.51,0.07
Premium,0.32,0.15,3.65,0.13
Premium,0.78,0.31,4.27,0.19
Budget,0.24,0.61,4.98,0.15
Premium,0.35,0.1,3.32,0.12
Premium,0.36,0.67,3.3,0.11
Budget,0.63,0.55,3.4,0.18
Enterprise,0.21,0.58,3.59,0.19
Premium,0.49,0.14,4.16,0.09
Premium,0.67,0.12,3.96,0.07
Budget,0.76,0.14,4.07,0.18
Premium,0.58,0.52,3.06,0.19
Budget,0.49,0.5,4.11,0.14
Enterprise,0.33,0.69,3.67,0.08
Enterprise,0.59,0.22,4.36,0.06
Enterprise,0.5,0.43,4.03,0.14
Enterprise,0.33,0.47,4.26,0.16
Budget,0.72,0.37,4.03,0.1
Premium,0.28,0.68,3.91,0.09
Enterprise,0.42,0.33,4.21,0.1
Enterprise,0.79,0.17,3.46,0.06
Budget,0.47,0.41,3.98,0.15
Budget,0.29,0.24,4.93,0.09
Budget,0.61,0.51,3.43,0.15
Premium,0.8,0.55,3.18,0.09
Premium,0.27,0.43,3.01,0.1
Budget,0.24,0.46,4.34,0.14
Premium,0.44,0.43,4.49,0.16
Premium,0.24,0.66,3.7,0.07
Budget,0.79,0.59,4.04,0.07
Budget,0.49,0.58,4.1,0.06
Premium,0.74,0.56,4.11,0.09
Budget,0.55,0.2,4.47,0.18
Premium,0.29,0.26,4.19,0.15
Budget,0.55,0.26,3.16,0.06
Budget,0.58,0.26,4.19,0.15
Enterprise,0.48,0.14,4.12,0.19
Enterprise,0.27,0.68,3.04,0.16
Budget,0.7,0.57,4.42,0.06
Budget,0.72,0.2,4.57,0.14
Premium,0.72,0.58,4.58,0.1
Enterprise,0.75,0.39,4.21,0.16
Budget,0.78,0.43,4.93,0.11
Budget,0.67,0.38,3.12,0.2
Budget,0.31,0.51,4.24,0.14
Budget,0.45,0.6,4.47,0.17
Premium,0.57,0.29,4.67,0.14
Enterprise,0.64,0.39,3.75,0.11
Budget,0.25,0.27,4.86,0.09
Budget,0.64,0.41,4.36,0.06
Enterprise,0.48,0.69,4.94,0.19
Premium,0.32,0.17,4.23,0.17
Budget,0.55,0.55,4.62,0.15
Budget,0.5,0.11,4.98,0.15
Enterprise,0.53,0.21,3.11,0.1
Enterprise,0.7,0.54,4.08,0.14
Budget,0.21,0.25,4.45,0.2
Enterprise,0.51,0.61,4.68,0.17
Enterprise,0.8,0.32,3.9,0.16
Premium,0.44,0.62,4.02,0.16
Premium,0.7,0.4,3.15,0.06
Budget,0.24,0.58,4.53,0.16
Premium,0.43,0.44,4.18,0.08
Premium,0.31,0.58,3.92,0.12
Budget,0.34,0.18,3.8,0.19
Premium,0.66,0.37,4.55,0.06
Budget,0.25,0.24,4.46,0.13
Premium,0.48,0.68,4.22,0.1
Budget,0.72,0.53,3.14,0.16
Premium,0.59,0.43,3.12,0.13
Budget,0.66,0.55,3.04,0.07
Budget,0.37,0.33,4.6,0.11
Budget,0.68,0.45,4.27,0.17
Budget,0.3,0.4,4.2,0.06
Budget,0.68,0.4,4.93,0.11
Budget,0.69,0.23,3.76,0.2
Budget,0.48,0.31,3.99,0.17
Enterprise,0.57,0.36,4.15,0.16
Budget,0.61,0.2,4.31,0.2
Premium,0.66,0.57,4.33,0.09
Premium,0.45,0.58,3.96,0.05
Premium,0.78,0.54,3.61,0.17
Enterprise,0.54,0.27,4.65,0.06
Premium,0.46,0.26,4.58,0.14
Enterprise,0.7,0.63,4.14,0.13
Premium,0.62,0.24,4.02,0.07
Enterprise,0.44,0.63,3.01,0.06
Enterprise,0.55,0.42,4.71,0.06
Enterprise,0.44,0.15,4.23,0.07
Premium,0.6,0.25,4.35,0.09
Budget,0.56,0.51,3.23,0.11
Enterprise,0.59,0.63,4.2,0.13
Budget,0.79,0.59,4.39,0.13
Premium,0.62,0.36,4.35,0.09
Premium,0.26,0.63,3.02,0.11
Budget,0.22,0.49,4.27,0.1
Budget,0.47,0.51,3.28,0.12
Premium,0.29,0.39,3.26,0.18
Enterprise,0.78,0.33,3.77,0.1
Premium,0.31,0.4,4.35,0.09
Budget,0.67,0.54,3.6,0.1
Premium,0.41,0.38,3.08,0.16
Enterprise,0.26,0.55,3.98,0.1
Budget,0.56,0.45,4.61,0.12
Enterprise,0.47,0.41,4.25,0.19
Premium,0.33,0.67,3.02,0.2
Premium,0.2,0.66,4.64,0.17
Budget,0.27,0.58,4.9,0.06
Enterprise,0.29,0.53,4.33,0.08
Budget,0.22,0.23,3.83,0.16
Enterprise,0.35,0.53,4.65,0.17
Enterprise,0.26,0.21,4.57,0.16
Premium,0.26,0.32,3.54,0.18
Premium,0.54,0.66,4.69,0.15
Premium,0.38,0.16,4.56,0.15
Budget,0.72,0.21,4.1,0.11
Budget,0.44,0.66,3.25,0.16
Premium,0.21,0.33,3.67,0.05
Budget,0.73,0.12,3.8,0.16
Budget,0.36,0.11,3.59,0.17
Enterprise,0.61,0.43,4.66,0.14
Premium,0.55,0.69,3.48,0.13
Premium,0.57,0.57,4.16,0.07
Budget,0.24,0.51,4.38,0.19
Premium,0.78,0.47,4.86,0.16
Budget,0.27,0.48,4.0,0.11
Budget,0.7,0.54,3.71,0.15
Premium,0.66,0.61,4.21,0.18
Premium,0.68,0.25,3.49,0.11
Enterprise,0.75,0.67,4.15,0.1
Premium,0.78,0.12,4.68,0.16
Budget,0.7,0.19,3.86,0.19
Budget,0.4,0.61,3.41,0.06
Enterprise,0.69,0.41,3.93,0.06
Enterprise,0.23,0.68,3.45,0.1
Budget,0.38,0.3,4.43,0.17
Premium,0.6,0.15,4.09,0.16
Budget,0.54,0.57,4.42,0.08
Budget,0.71,0.31,3.06,0.06
Budget,0.49,0.4,3.77,0.19
Premium,0.5,0.52,4.07,0.13
Premium,0.29,0.29,3.58,0.18
Enterprise,0.6,0.13,4.1,0.09
Premium,0.61,0.14,3.41,0.11
Premium,0.37,0.36,4.96,0.06
Enterprise,0.56,0.41,4.48,0.14
Budget,0.26,0.46,4.25,0.15
Budget,0.2,0.2,3.23,0.12
Premium,0.44,0.11,4.17,0.09
Budget,0.4,0.63,3.17,0.17
Premium,0.35,0.53,3.18,0.08
Premium,0.33,0.46,4.19,0.11
Budget,0.65,0.54,4.04,0.06
Enterprise,0.58,0.6,4.0,0.13
Budget,0.5,0.13,3.98,0.19
Budget,0.61,0.17,3.58,0.1
Premium,0.33,0.59,4.57,0.14
Premium,0.73,0.31,3.92,0.11
Enterprise,0.64,0.62,4.06,0.17
Enterprise,0.33,0.29,3.33,0.09
Premium,0.52,0.52,4.4,0.08
Budget,0.79,0.41,3.23,0.16
Premium,0.58,0.51,3.51,0.05
Premium,0.69,0.34,3.97,0.05
Enterprise,0.53,0.68,3.13,0.15
Enterprise,0.24,0.32,3.93,0.16
Premium,0.66,0.43,3.13,0.16
Enterprise,0.41,0.33,3.32,0.09
Enterprise,0.63,0.26,3.4,0.1
Enterprise,0.78,0.36,4.1,0.13
Budget,0.69,0.14,4.55,0.17
Premium,0.6,0.29,4.8,0.18
Premium,0.78,0.6,4.81,0.19
Budget,0.39,0.49,3.46,0.05
Enterprise,0.72,0.45,4.16,0.2
Budget,0.58,0.38,3.89,0.12
Premium,0.42,0.67,3.33,0.13
Premium,0.55,0.37,4.9,0.06
Enterprise,0.49,0.34,3.31,0.14
Premium,0.61,0.46,4.0,0.2
Premium,0.57,0.68,3.93,0.18
Budget,0.33,0.24,3.94,0.09
Enterprise,0.29,0.22,4.26,0.08
Premium,0.72,0.19,3.17,0.12
Premium,0.36,0.39,3.16,0.12
Enterprise,0.32,0.13,3.25,0.13
Budget,0.7,0.32,4.72,0.11
Premium,0.59,0.24,4.11,0.11
Premium,0.76,0.68,4.14,0.07
Budget,0.33,0.62,3.5,0.09
Enterprise,0.26,0.39,4.84,0.06
Budget,0.56,0.7,4.54,0.11
Enterprise,0.51,0.4,3.1,0.06
Budget,0.75,0.21,4.84,0.15
Budget,0.43,0.14,3.04,0.17
Budget,0.59,0.22,3.59,0.14
Enterprise,0.62,0.47,4.98,0.1
Enterprise,0.34,0.53,3.55,0.1
Enterprise,0.55,0.64,4.63,0.16
Budget,0.31,0.21,3.68,0.11
Premium,0.58,0.45,3.78,0.1
Budget,0.77,0.15,3.51,0.17
Enterprise,0.64,0.12,4.32,0.13
Premium,0.22,0.41,3.44,0.2
Premium,0.68,0.3,3.42,0.06
Premium,0.32,0.11,4.36,0.06
Enterprise,0.76,0.61,3.45,0.09
Budget,0.57,0.32,3.51,0.07
Budget,0.22,0.64,3.31,0.08
Enterprise,0.37,0.15,3.63,0.06
Premium,0.46,0.33,4.83,0.09
Enterprise,0.6,0.58,4.89,0.11
Premium,0.76,0.21,4.25,0.08
Enterprise,0.4,0.58,3.1,0.07
Budget,0.37,0.12,4.85,0.08
Budget,0.54,0.1,3.12,0.13
Enterprise,0.68,0.23,3.45,0.17
Budget,0.66,0.54,3.97,0.15
Budget,0.42,0.35,4.36,0.06
Enterprise,0.27,0.49,4.75,0.17
Premium,0.36,0.15,4.99,0.07
Premium,0.57,0.5,4.0,0.15
Enterprise,0.48,0.4,3.39,0.15
Premium,0.61,0.46,4.21,0.15
Enterprise,0.6,0.49,3.5,0.15
Premium,0.57,0.58,4.68,0.12
Enterprise,0.73,0.45,4.13,0.13
Budget,0.62,0.64,4.58,0.15
Budget,0.28,0.37,3.08,0.15
Premium,0.44,0.54,4.56,0.07
Enterprise,0.69,0.64,4.11,0.17
Premium,0.72,0.7,4.17,0.17
Premium,0.64,0.5,3.24,0.14
Budget,0.32,0.18,4.93,0.07
Budget,0.24,0.13,3.59,0.19
Premium,0.58,0.38,3.38,0.16
Premium,0.61,0.34,4.51,0.12
Premium,0.3,0.14,4.0,0.07
Premium,0.47,0.34,3.91,0.11
Premium,0.44,0.2,4.47,0.08
Enterprise,0.25,0.44,4.82,0.11
Enterprise,0.32,0.29,4.58,0.19
Premium,0.22,0.34,4.03,0.14
Enterprise,0.57,0.11,3.23,0.07
Enterprise,0.55,0.31,4.6,0.13
Enterprise,0.49,0.11,4.64,0.17
Enterprise,0.32,0.33,3.1,0.11
Enterprise,0.73,0.43,4.92,0.06
Enterprise,0.38,0.15,3.34,0.07
Enterprise,0.3,0.13,3.66,0.16
Budget,0.64,0.29,3.79,0.09
Premium,0.59,0.61,3.65,0.15
Enterprise,0.4,0.54,3.84,0.14
Enterprise,0.8,0.18,4.35,0.11
Enterprise,0.38,0.54,4.4,0.14
Premium,0.41,0.57,4.13,0.09
Enterprise,0.45,0.46,4.03,0.09
Premium,0.22,0.53,3.72,0.07
Budget,0.69,0.36,4.5,0.19
Premium,0.25,0.15,3.34,0.13
Premium,0.38,0.26,3.67,0.13
Budget,0.39,0.13,3.28,0.05
Premium,0.39,0.35,3.42,0.2
Budget,0.78,0.36,4.26,0.16
Budget,0.32,0.57,4.82,0.11
Premium,0.35,0.29,4.62,0.18
Budget,0.4,0.4,4.29,0.13
Premium,0.72,0.27,4.57,0.17
Premium,0.49,0.61,3.77,0.08
Enterprise,0.26,0.6,4.34,0.15
Budget,0.41,0.62,3.47,0.15
Budget,0.41,0.41,3.88,0.18
Budget,0.52,0.38,3.82,0.17
Premium,0.8,0.36,4.84,0.1
Budget,0.69,0.55,4.47,0.18
Premium,0.22,0.7,3.47,0.06
Budget,0.73,0.56,4.34,0.05
Budget,0.36,0.42,4.72,0.1
Budget,0.34,0.14,3.37,0.13
Premium,0.63,0.7,3.63,0.15
Budget,0.53,0.15,4.91,0.09
Budget,0.79,0.46,4.01,0.18
Budget,0.64,0.49,3.31,0.13
Budget,0.62,0.4,4.66,0.13
Budget,0.65,0.6,4.39,0.19
Premium,0.32,0.24,3.6,0.15
Budget,0.27,0.63,3.69,0.15
Enterprise,0.53,0.24,4.7,0.11
Budget,0.53,0.63,4.11,0.13
Enterprise,0.35,0.38,3.45,0.16
Budget,0.53,0.28,3.86,0.1
Budget,0.44,0.13,3.8,0.15
Enterprise,0.56,0.39,3.05,0.11
Enterprise,0.6,0.41,3.86,0.06
Budget,0.56,0.54,4.54,0.2
Premium,0.32,0.43,4.17,0.08
Premium,0.52,0.48,3.39,0.08
Enterprise,0.26,0.42,4.64,0.07
Budget,0.27,0.17,4.44,0.08
Enterprise,0.66,0.33,4.01,0.18
Premium,0.64,0.12,3.95,0.1
Enterprise,0.47,0.39,4.57,0.16
Premium,0.68,0.34,3.85,0.11
Premium,0.41,0.47,4.77,0.08
Budget,0.61,0.27,3.4,0.09
Budget,0.71,0.44,4.03,0.06
Budget,0.41,0.12,4.49,0.17
Budget,0.31,0.55,3.95,0.08
Enterprise,0.77,0.31,4.97,0.18
Enterprise,0.7,0.18,4.87,0.16
Premium,0.75,0.7,3.06,0.09
Premium,0.72,0.21,4.9,0.08
Premium,0.34,0.27,3.74,0.15
Premium,0.45,0.4,3.01,0.15
Budget,0.55,0.58,4.73,0.12
Budget,0.3,0.14,4.65,0.1
Enterprise,0.67,0.38,3.45,0.07
Premium,0.62,0.41,3.25,0.19
Enterprise,0.46,0.12,4.57,0.05
Budget,0.77,0.13,4.86,0.06
Enterprise,0.8,0.13,4.16,0.06
Enterprise,0.2,0.59,4.9,0.06
Budget,0.8,0.27,4.08,0.13
Premium,0.25,0.5,3.27,0.18
Enterprise,0.55,0.31,4.62,0.09
Premium,0.35,0.37,4.85,0.15
Budget,0.35,0.31,4.79,0.19
Premium,0.77,0.53,3.01,0.16
Premium,0.56,0.15,4.35,0.06
Enterprise,0.24,0.22,3.7,0.14
Premium,0.51,0.18,4.73,0.18
Enterprise,0.59,0.21,3.46,0.15
Premium,0.69,0.69,4.82,0.18
Budget,0.3,0.43,4.43,0.12
Budget,0.53,0.28,3.91,0.07
Budget,0.52,0.12,4.28,0.06
Premium,0.29,0.63,4.06,0.12
Budget,0.74,0.18,3.77,0.17
Premium,0.48,0.57,4.21,0.15
Premium,0.28,0.49,4.96,0.19
Budget,0.48,0.57,4.89,0.09
Premium,0.23,0.31,4.33,0.07
Premium,0.69,0.25,3.84,0.18
Budget,0.52,0.45,4.37,0.16
Premium,0.27,0.22,5.0,0.13
Premium,0.41,0.18,3.26,0.15
Premium,0.67,0.52,4.67,0.06
Budget,0.5,0.65,3.42,0.07
Enterprise,0.41,0.6,3.99,0.19
Budget,0.74,0.16,4.31,0.19
Enterprise,0.69,0.3,4.15,0.13
Premium,0.27,0.32,3.46,0.08
Premium,0.41,0.21,3.01,0.12
Enterprise,0.25,0.44,3.2,0.12
Enterprise,0.58,0.53,3.51,0.16
Enterprise,0.2,0.58,3.15,0.11
Premium,0.3,0.28,3.2,0.09
Enterprise,0.23,0.11,3.29,0.15
Enterprise,0.3,0.32,4.27,0.06
Premium,0.63,0.25,4.82,0.07
Budget,0.3,0.68,4.7,0.18
Premium,0.65,0.19,4.76,0.09
Enterprise,0.35,0.62,4.34,0.12
Enterprise,0.74,0.1,4.19,0.16
Budget,0.58,0.43,3.26,0.11
Enterprise,0.42,0.48,4.43,0.11
Enterprise,0.26,0.41,3.05,0.11
Premium,0.73,0.68,3.68,0.1
Budget,0.27,0.48,4.8,0.14
Enterprise,0.68,0.61,3.58,0.19
Premium,0.29,0.11,4.13,0.19
Enterprise,0.33,0.29,4.64,0.13
Premium,0.22,0.17,4.24,0.19
Enterprise,0.26,0.11,4.23,0.19
Premium,0.45,0.13,3.58,0.12
Budget,0.44,0.61,3.99,0.12
Premium,0.75,0.46,4.06,0.13
Budget,0.25,0.28,4.34,0.1
Enterprise,0.45,0.57,3.68,0.13
Premium,0.37,0.26,4.04,0.09
Enterprise,0.5,0.37,3.08,0.16
Enterprise,0.65,0.42,3.15,0.05
Budget,0.73,0.57,3.34,0.13
Enterprise,0.65,0.7,4.33,0.12
Enterprise,0.29,0.13,4.25,0.06
Enterprise,0.27,0.33,3.48,0.05
Premium,0.62,0.19,3.49,0.18
Premium,0.61,0.63,4.39,0.09
Budget,0.62,0.21,3.73,0.07
Premium,0.78,0.2,3.71,0.11
Budget,0.68,0.53,3.17,0.12
Premium,0.29,0.68,4.69,0.13
Enterprise,0.7,0.68,4.55,0.14
Premium,0.52,0.15,3.61,0.16
Budget,0.39,0.57,3.89,0.12
Budget,0.39,0.31,3.39,0.13
Budget,0.6,0.29,4.37,0.18
Enterprise,0.37,0.25,4.29,0.15
Budget,0.51,0.12,4.14,0.19
Budget,0.35,0.58,4.26,0.13
Premium,0.64,0.6,4.94,0.18
Premium,0.64,0.48,3.28,0.12
Budget,0.6,0.41,3.05,0.11
Premium,0.66,0.4,4.98,0.12
Premium,0.73,0.41,4.55,0.13
Enterprise,0.78,0.39,3.13,0.13
Premium,0.22,0.31,3.53,0.15
Budget,0.53,0.49,4.51,0.14
Premium,0.49,0.67,3.77,0.11
Enterprise,0.51,0.68,4.22,0.2
Budget,0.72,0.12,3.18,0.18
Budget,0.8,0.11,4.67,0.1
Enterprise,0.24,0.53,4.25,0.2
Premium,0.51,0.45,3.02,0.16
Premium,0.61,0.21,4.64,0.07
Premium,0.5,0.5,4.83,0.18
Budget,0.43,0.61,4.5,0.09
Budget,0.28,0.42,4.87,0.1
Budget,0.5,0.54,3.23,0.11
Budget,0.53,0.66,4.9,0.06
Budget,0.74,0.26,3.82,0.18
Premium,0.39,0.18,3.59,0.14
Budget,0.68,0.27,4.29,0.18
Enterprise,0.72,0.29,4.39,0.05
Budget,0.37,0.39,4.44,0.1
Enterprise,0.53,0.5,4.81,0.06
Budget,0.55,0.63,4.78,0.16
Budget,0.63,0.21,4.78,0.12
Enterprise,0.24,0.7,3.82,0.09
Premium,0.37,0.58,4.81,0.2
Premium,0.37,0.54,3.91,0.2
Enterprise,0.4,0.17,3.21,0.15
Enterprise,0.33,0.38,3.87,0.17
Premium,0.23,0.42,4.87,0.14
Premium,0.27,0.68,3.58,0.18
Enterprise,0.24,0.24,4.86,0.19
Enterprise,0.75,0.67,3.16,0.13
Budget,0.37,0.39,3.36,0.12
Premium,0.32,0.31,3.3,0.13
Budget,0.49,0.51,4.72,0.14
Enterprise,0.23,0.66,4.3,0.11
Premium,0.44,0.49,4.4,0.15
Premium,0.43,0.55,3.61,0.14
Enterprise,0.2,0.59,3.72,0.13
Budget,0.45,0.51,4.81,0.18
Enterprise,0.66,0.12,3.39,0.13
Premium,0.71,0.58,3.7,0.15
Enterprise,0.43,0.42,3.0,0.09
Enterprise,0.25,0.31,4.5,0.13
Enterprise,0.37,0.45,4.17,0.12
Enterprise,0.21,0.66,3.16,0.15
Enterprise,0.68,0.25,4.8,0.19
Premium,0.29,0.21,3.73,0.11
Premium,0.59,0.11,4.31,0.14
Enterprise,0.39,0.6,4.31,0.09
Enterprise,0.75,0.34,3.38,0.13
Premium,0.67,0.45,3.16,0.16
Premium,0.72,0.48,4.34,0.07
Budget,0.25,0.28,4.31,0.09
Budget,0.58,0.52,4.42,0.06
Budget,0.41,0.16,4.92,0.15
Premium,0.56,0.44,3.97,0.13
Budget,0.72,0.15,4.83,0.09
Budget,0.57,0.44,4.43,0.19
Enterprise,0.53,0.44,3.69,0.13
Premium,0.67,0.11,4.2,0.15
Premium,0.76,0.48,3.79,0.09
Premium,0.39,0.68,4.28,0.05
Premium,0.26,0.63,4.05,0.17
Premium,0.79,0.2,3.97,0.1
Enterprise,0.63,0.39,3.8,0.07
Budget,0.35,0.42,3.96,0.16
Premium,0.31,0.13,3.16,0.2
Premium,0.36,0.37,3.94,0.16
Premium,0.77,0.22,4.75,0.16
Enterprise,0.51,0.28,3.85,0.09
Enterprise,0.79,0.44,4.37,0.1
Budget,0.28,0.11,4.38,0.1
Enterprise,0.31,0.46,3.85,0.12
Enterprise,0.31,0.49,3.3,0.13
Budget,0.33,0.11,4.79,0.08
Budget,0.35,0.49,3.23,0.13
Budget,0.39,0.7,4.69,0.14
Premium,0.72,0.41,3.8,0.12
Premium,0.63,0.25,4.76,0.17
Premium,0.7,0.18,3.26,0.13
Enterprise,0.78,0.56,3.98,0.1
Budget,0.55,0.43,4.28,0.09
Premium,0.7,0.6,3.58,0.18
Premium,0.45,0.5,3.93,0.14
Enterprise,0.63,0.4,4.79,0.19
Enterprise,0.76,0.39,4.26,0.16
Enterprise,0.51,0.14,3.38,0.18
Enterprise,0.67,0.29,4.83,0.18
Premium,0.35,0.37,3.64,0.16
Enterprise,0.27,0.45,3.08,0.13
Premium,0.47,0.3,3.88,0.09
Enterprise,0.63,0.5,3.95,0.15
Enterprise,0.7,0.35,4.53,0.08
Premium,0.49,0.16,4.54,0.16
Enterprise,0.28,0.38,4.69,0.18
Premium,0.26,0.3,3.87,0.09
Budget,0.76,0.1,4.5,0.19
Enterprise,0.72,0.44,4.03,0.16
Budget,0.3,0.54,3.61,0.15
Premium,0.25,0.45,4.87,0.18
Budget,0.35,0.29,3.67,0.05
Budget,0.44,0.61,4.0,0.15
Premium,0.3,0.24,3.53,0.06
Enterprise,0.45,0.47,3.96,0.12
Budget,0.45,0.54,3.9,0.18
Premium,0.32,0.64,4.68,0.12
Enterprise,0.22,0.65,3.24,0.15
Enterprise,0.42,0.21,3.86,0.2
Enterprise,0.59,0.33,4.29,0.06
Enterprise,0.54,0.6,3.55,0.06
Premium,0.33,0.26,4.61,0.06
Budget,0.57,0.56,3.89,0.12
Premium,0.26,0.48,3.19,0.06
Budget,0.42,0.48,4.8,0.07
Budget,0.25,0.52,4.57,0.17
Budget,0.22,0.26,3.07,0.11
Enterprise,0.65,0.54,4.42,0.08
Enterprise,0.61,0.65,4.22,0.13
Enterprise,0.75,0.44,3.73,0.16
Enterprise,0.68,0.26,4.45,0.08
Premium,0.69,0.14,4.22,0.11
Enterprise,0.62,0.12,4.74,0.07
Budget,0.59,0.3,4.72,0.07
Premium,0.45,0.54,4.37,0.17
Enterprise,0.64,0.64,3.9,0.13
Budget,0.45,0.55,3.23,0.09
Enterprise,0.65,0.56,4.0,0.1
Budget,0.61,0.69,3.06,0.1
Premium,0.67,0.18,3.62,0.14
Premium,0.35,0.42,4.65,0.07
Enterprise,0.49,0.39,4.44,0.19
Budget,0.58,0.27,3.47,0.16
Premium,0.51,0.22,3.67,0.1
Enterprise,0.24,0.21,3.81,0.19
Premium,0.79,0.66,4.8,0.16
Premium,0.3,0.45,4.95,0.16
Budget,0.75,0.16,3.1,0.05
Enterprise,0.75,0.69,3.02,0.14
Premium,0.49,0.64,3.07,0.1
Budget,0.65,0.41,3.84,0.11
Premium,0.74,0.5,4.8,0.12
Enterprise,0.49,0.41,3.48,0.07
Premium,0.56,0.34,3.6,0.18
Budget,0.57,0.58,3.86,0.17
Premium,0.22,0.11,4.76,0.06
Premium,0.37,0.42,3.1,0.07
Premium,0.72,0.37,3.13,0.12
Enterprise,0.3,0.5,4.71,0.09
Premium,0.65,0.21,3.13,0.14
Enterprise,0.34,0.41,3.76,0.12
Budget,0.43,0.38,4.26,0.19
Budget,0.72,0.68,3.49,0.12
Budget,0.55,0.26,4.97,0.1
Enterprise,0.77,0.3,4.92,0.19
Enterprise,0.26,0.11,3.11,0.06
Budget,0.51,0.24,3.36,0.17
Enterprise,0.21,0.62,4.11,0.14
Budget,0.63,0.51,3.64,0.09
Budget,0.52,0.11,3.89,0.17
Premium,0.77,0.54,4.32,0.17
Enterprise,0.26,0.65,3.18,0.15
Premium,0.68,0.28,3.16,0.12
Premium,0.36,0.3,4.32,0.09
Enterprise,0.6,0.61,3.02,0.11
Budget,0.5,0.55,4.65,0.18
Enterprise,0.44,0.69,4.52,0.13
Premium,0.37,0.62,3.57,0.15
Budget,0.41,0.33,3.84,0.13
Enterprise,0.45,0.24,4.17,0.11
Premium,0.33,0.41,4.09,0.06
Enterprise,0.31,0.46,3.67,0.14
Enterprise,0.58,0.57,4.3,0.16
Premium,0.73,0.61,4.05,0.15
Enterprise,0.33,0.49,3.85,0.07
Enterprise,0.55,0.46,3.84,0.11
Premium,0.67,0.6,3.72,0.08
Budget,0.3,0.58,4.58,0.07
Enterprise,0.29,0.61,3.62,0.15
Enterprise,0.51,0.48,3.71,0.1
Enterprise,0.7,0.35,4.54,0.06
Budget,0.66,0.29,3.92,0.09
Premium,0.41,0.35,4.44,0.13
Budget,0.35,0.63,3.04,0.16
Budget,0.56,0.16,3.91,0.09
Budget,0.41,0.65,3.27,0.15
Premium,0.24,0.36,3.8,0.08
Budget,0.25,0.67,3.73,0.19
Premium,0.22,0.58,3.04,0.17
Enterprise,0.7,0.19,4.19,0.14
Enterprise,0.24,0.51,3.73,0.16
Enterprise,0.35,0.45,3.55,0.17
Enterprise,0.58,0.49,4.91,0.17
Enterprise,0.25,0.36,4.11,0.1
Budget,0.7,0.51,4.03,0.12
Premium,0.54,0.13,3.08,0.09
Budget,0.25,0.13,3.51,0.06
Enterprise,0.51,0.33,4.13,0.07
Enterprise,0.62,0.48,4.97,0.07
Budget,0.69,0.43,3.08,0.1
Budget,0.69,0.27,4.86,0.1
Enterprise,0.66,0.53,3.41,0.1
Enterprise,0.56,0.62,3.24,0.12
Budget,0.28,0.27,3.29,0.17
Enterprise,0.59,0.43,3.5,0.11
Enterprise,0.35,0.55,4.04,0.09
Budget,0.3,0.48,3.84,0.13
Budget,0.28,0.66,4.21,0.15
Budget,0.37,0.26,4.71,0.05
Premium,0.31,0.2,3.36,0.15
Budget,0.64,0.68,4.36,0.14
Enterprise,0.68,0.45,4.82,0.19
Budget,0.44,0.27,4.65,0.12
Enterprise,0.23,0.58,3.31,0.14
Enterprise,0.47,0.22,3.62,0.06
Budget,0.28,0.37,4.01,0.15
Premium,0.33,0.15,4.62,0.2
Budget,0.71,0.54,4.22,0.17
Budget,0.52,0.15,3.05,0.17
Enterprise,0.41,0.26,3.7,0.16
Enterprise,0.79,0.38,3.15,0.2
Budget,0.42,0.53,3.35,0.14
Enterprise,0.27,0.31,4.75,0.08
Budget,0.53,0.53,3.1,0.06
Premium,0.45,0.63,3.6,0.05
Budget,0.4,0.14,4.16,0.16
Premium,0.3,0.34,3.46,0.13
Budget,0.58,0.56,3.28,0.18
Premium,0.7,0.59,3.38,0.16
Premium,0.43,0.53,3.14,0.2
Enterprise,0.72,0.25,3.76,0.18
Enterprise,0.63,0.53,3.56,0.18
Enterprise,0.37,0.47,4.61,0.18
Premium,0.7,0.44,4.17,0.08
Enterprise,0.29,0.28,4.65,0.08
Budget,0.6,0.14,3.92,0.18
Budget,0.24,0.14,3.42,0.09
Budget,0.27,0.67,4.47,0.15
Budget,0.6,0.53,3.02,0.12
Budget,0.4,0.53,4.49,0.06
Enterprise,0.67,0.41,3.26,0.16
Enterprise,0.51,0.57,3.46,0.12
Budget,0.79,0.62,4.38,0.19
Budget,0.68,0.36,3.47,0.2
Enterprise,0.5,0.29,3.26,0.11
Premium,0.49,0.52,4.84,0.11
Enterprise,0.47,0.52,3.78,0.07
Enterprise,0.24,0.65,3.04,0.19
Enterprise,0.53,0.24,4.49,0.13
Budget,0.47,0.31,4.11,0.08
Enterprise,0.28,0.41,4.56,0.09
Premium,0.48,0.57,4.49,0.14
Enterprise,0.41,0.5,4.28,0.19
Budget,0.24,0.48,4.88,0.05
Premium,0.45,0.58,3.93,0.13
Budget,0.25,0.23,4.0,0.05
Budget,0.34,0.57,4.94,0.12
Premium,0.7,0.25,4.55,0.19
Premium,0.79,0.63,4.15,0.11
Enterprise,0.35,0.54,4.62,0.18
Enterprise,0.78,0.13,4.15,0.18
Budget,0.6,0.69,4.46,0.15
Premium,0.23,0.32,4.44,0.13
Premium,0.31,0.28,4.43,0.06
Enterprise,0.48,0.35,4.86,0.1
Enterprise,0.56,0.37,4.88,0.07
Premium,0.8,0.6,4.79,0.17
Budget,0.69,0.51,3.4,0.06
Budget,0.43,0.25,3.33,0.1
Budget,0.2,0.32,4.48,0.14
Premium,0.44,0.47,3.25,0.14
Budget,0.69,0.37,3.65,0.12
Premium,0.56,0.39,4.73,0.05
Budget,0.57,0.35,4.12,0.11
Enterprise,0.79,0.63,4.79,0.15
Enterprise,0.53,0.56,4.24,0.08
Budget,0.67,0.42,3.63,0.09
Budget,0.74,0.59,4.98,0.08
Premium,0.59,0.4,3.06,0.14
Enterprise,0.78,0.35,3.53,0.1
Premium,0.39,0.2,3.53,0.06
Premium,0.21,0.69,4.37,0.15
Premium,0.21,0.17,4.3,0.14
Budget,0.73,0.61,4.69,0.12
Budget,0.69,0.6,3.82,0.13
Budget,0.35,0.21,3.13,0.16
Premium,0.26,0.11,3.85,0.08
Budget,0.34,0.41,3.34,0.1
Budget,0.67,0.47,3.63,0.13
Enterprise,0.6,0.46,3.83,0.11
Premium,0.36,0.4,3.67,0.16
Enterprise,0.44,0.66,3.02,0.14
Budget,0.57,0.57,4.44,0.12
Enterprise,0.76,0.6,3.22,0.07
Enterprise,0.67,0.43,3.31,0.09
Budget,0.34,0.64,3.62,0.2
Premium,0.77,0.12,3.4,0.09
Premium,0.22,0.19,4.83,0.2
Budget,0.76,0.41,3.98,0.14
Enterprise,0.29,0.54,4.2,0.06
Budget,0.5,0.38,5.0,0.12
Enterprise,0.32,0.18,4.95,0.18
Enterprise,0.58,0.27,4.94,0.14
Enterprise,0.68,0.57,3.47,0.09
Budget,0.32,0.28,3.69,0.16
Premium,0.42,0.27,4.0,0.12
Premium,0.23,0.1,4.2,0.09
Budget,0.48,0.11,3.03,0.13
Budget,0.48,0.65,3.65,0.12
Enterprise,0.69,0.42,3.28,0.05
Enterprise,0.46,0.37,4.03,0.16
Budget,0.53,0.62,3.45,0.19
Premium,0.4,0.15,4.13,0.12
Enterprise,0.5,0.23,3.76,0.13
Enterprise,0.62,0.61,3.87,0.19
Enterprise,0.59,0.61,3.57,0.08
Premium,0.54,0.46,4.28,0.12
Premium,0.75,0.34,3.42,0.15
Enterprise,0.72,0.18,3.35,0.1
Premium,0.55,0.47,3.81,0.1
Budget,0.77,0.23,3.15,0.18
Budget,0.56,0.21,4.08,0.09
Premium,0.75,0.23,3.41,0.08
Enterprise,0.41,0.19,4.85,0.07
Enterprise,0.49,0.54,3.74,0.08
Premium,0.26,0.5,3.63,0.16
Enterprise,0.51,0.63,4.39,0.11
Premium,0.42,0.23,4.55,0.12
Premium,0.56,0.43,4.3,0.07
Premium,0.64,0.25,3.52,0.15
Premium,0.38,0.55,4.59,0.08
Premium,0.74,0.62,4.02,0.11
Premium,0.7,0.14,4.88,0.2
Premium,0.7,0.52,4.15,0.18
Enterprise,0.75,0.61,4.05,0.08
Premium,0.66,0.12,3.8,0.17
Budget,0.58,0.58,3.56,0.13
Budget,0.25,0.68,3.08,0.16
Enterprise,0.44,0.68,3.16,0.12
Premium,0.35,0.21,4.38,0.18
Budget,0.59,0.47,3.82,0.12
Premium,0.24,0.15,4.29,0.12
Enterprise,0.72,0.32,3.42,0.17
Enterprise,0.39,0.68,4.82,0.19
Budget,0.6,0.34,4.49,0.18
Budget,0.3,0.65,3.01,0.18
Enterprise,0.22,0.13,4.74,0.15
Budget,0.73,0.45,4.84,0.13
Budget,0.78,0.25,4.75,0.19
Budget,0.54,0.19,3.94,0.17
Enterprise,0.67,0.44,4.39,0.19
Budget,0.65,0.42,4.73,0.07
Budget,0.36,0.65,3.74,0.06
Premium,0.43,0.47,4.44,0.11
Premium,0.62,0.6,4.46,0.2
Budget,0.21,0.64,4.04,0.12
Premium,0.32,0.32,4.27,0.05
Enterprise,0.77,0.66,3.76,0.12
Premium,0.72,0.61,3.04,0.14
Premium,0.24,0.45,4.8,0.05
Budget,0.62,0.66,4.11,0.14
Premium,0.34,0.42,4.84,0.15
Premium,0.76,0.24,3.78,0.14
Budget,0.31,0.12,3.55,0.18
Enterprise,0.45,0.35,4.41,0.19
Enterprise,0.48,0.38,4.09,0.15
Budget,0.71,0.43,4.44,0.18
Enterprise,0.69,0.43,3.68,0.09
Premium,0.28,0.28,3.56,0.14
Enterprise,0.77,0.31,3.88,0.16
Budget,0.46,0.22,4.1,0.07
Budget,0.38,0.14,3.29,0.18
Budget,0.27,0.6,3.06,0.18
Premium,0.65,0.65,4.7,0.13
Premium,0.36,0.46,4.6,0.07
Budget,0.76,0.15,4.12,0.09
Enterprise,0.72,0.33,3.63,0.11
Premium,0.21,0.2,4.31,0.14
Premium,0.7,0.45,3.38,0.14
Budget,0.61,0.45,4.19,0.09
Budget,0.49,0.22,4.25,0.2
Budget,0.27,0.28,4.92,0.14
Enterprise,0.79,0.16,3.85,0.1
Enterprise,0.36,0.49,4.7,0.11
Premium,0.45,0.26,3.14,0.13
Premium,0.45,0.57,4.09,0.13
Premium,0.73,0.2,3.68,0.1
Enterprise,0.63,0.61,4.37,0.05
Enterprise,0.41,0.49,4.09,0.16
Budget,0.77,0.43,4.91,0.08
Budget,0.27,0.15,3.09,0.07
Budget,0.74,0.18,4.9,0.14
Premium,0.52,0.68,3.64,0.12
Premium,0.7,0.67,4.61,0.11
Enterprise,0.33,0.66,3.61,0.11
Budget,0.66,0.39,3.69,0.11
Premium,0.27,0.59,4.01,0.18
Enterprise,0.55,0.14,3.35,0.18
Enterprise,0.25,0.12,4.77,0.16
Budget,0.3,0.24,4.01,0.09
Enterprise,0.73,0.13,3.34,0.07
Budget,0.43,0.46,3.14,0.09
Budget,0.3,0.55,4.52,0.06
Enterprise,0.33,0.28,3.95,0.12
Enterprise,0.23,0.25,3.23,0.13
Premium,0.51,0.52,3.22,0.13
Premium,0.3,0.33,3.44,0.1
Premium,0.58,0.59,3.01,0.2
Premium,0.6,0.64,4.16,0.13
Enterprise,0.34,0.41,4.14,0.08
Budget,0.3,0.13,3.91,0.17
Enterprise,0.26,0.47,3.87,0.11
Premium,0.65,0.44,3.24,0.13
Premium,0.79,0.46,4.57,0.16
Enterprise,0.49,0.23,3.34,0.05
Premium,0.24,0.58,3.48,0.12
Enterprise,0.64,0.24,3.2,0.11
Premium,0.35,0.54,4.37,0.1
Premium,0.25,0.2,3.78,0.08
Premium,0.3,0.16,3.65,0.07
Budget,0.23,0.19,3.27,0.14
Enterprise,0.39,0.33,4.25,0.07
Budget,0.46,0.68,4.45,0.11
Enterprise,0.72,0.28,4.88,0.1
Premium,0.69,0.23,4.75,0.09
Premium,0.78,0.36,3.12,0.16
Budget,0.33,0.22,4.29,0.12
Budget,0.37,0.3,4.3,0.16
Budget,0.31,0.12,4.35,0.11
Budget,0.73,0.21,4.1,0.05
Budget,0.36,0.25,3.27,0.18
Premium,0.22,0.17,3.86,0.15
Premium,0.41,0.55,3.85,0.18
Premium,0.55,0.22,4.59,0.14
Enterprise,0.31,0.38,4.3,0.05
Premium,0.39,0.41,4.57,0.18
Premium,0.42,0.32,4.76,0.06
Budget,0.71,0.41,4.21,0.12
Premium,0.68,0.2,3.59,0.15
Enterprise,0.41,0.24,4.23,0.13
Premium,0.48,0.16,3.67,0.11
Premium,0.22,0.46,4.24,0.13
Enterprise,0.6,0.57,4.55,0.13
Premium,0.35,0.36,4.48,0.12
Premium,0.43,0.54,4.2,0.15
Premium,0.67,0.3,3.76,0.18
Enterprise,0.39,0.28,3.58,0.12
Enterprise,0.41,0.29,4.37,0.08
Enterprise,0.62,0.49,3.1,0.07
Premium,0.78,0.31,4.69,0.19
Budget,0.52,0.23,4.62,0.17
Budget,0.29,0.59,3.84,0.16
Budget,0.21,0.55,3.18,0.09
Premium,0.76,0.5,4.74,0.17
Enterprise,0.31,0.21,4.15,0.15
Budget,0.71,0.53,4.38,0.13
Premium,0.45,0.11,3.64,0.11
Enterprise,0.27,0.1,4.02,0.2
Enterprise,0.45,0.27,3.34,0.16
Premium,0.47,0.23,3.4,0.18
Premium,0.24,0.54,3.42,0.11
Budget,0.8,0.49,4.08,0.16
Premium,0.25,0.34,3.75,0.09
Enterprise,0.23,0.61,4.3,0.11
Enterprise,0.44,0.34,3.39,0.13
Premium,0.26,0.46,4.36,0.15
Enterprise,0.38,0.55,3.77,0.11
Premium,0.78,0.59,3.22,0.07
Enterprise,0.74,0.14,4.27,0.15
Premium,0.22,0.52,3.88,0.13
Premium,0.73,0.26,3.07,0.09
Premium,0.59,0.44,4.45,0.11
Enterprise,0.3,0.61,3.57,0.16
Premium,0.32,0.52,4.83,0.11
Budget,0.73,0.36,4.07,0.19
Enterprise,0.72,0.5,4.44,0.07
Budget,0.3,0.51,3.85,0.14
Premium,0.28,0.39,3.52,0.16
Budget,0.46,0.16,4.83,0.17
Enterprise,0.64,0.17,3.44,0.1
Premium,0.42,0.43,4.03,0.06
Enterprise,0.7,0.32,4.75,0.08
Premium,0.69,0.45,4.23,0.17
Budget,0.2,0.11,3.78,0.15
Enterprise,0.37,0.33,3.75,0.09
Premium,0.49,0.46,3.57,0.14
Premium,0.33,0.27,4.71,0.2
Budget,0.33,0.51,4.92,0.12
Budget,0.5,0.58,4.34,0.07
Budget,0.78,0.41,3.8,0.13
Enterprise,0.52,0.43,4.81,0.14
Budget,0.4,0.29,4.91,0.17
Enterprise,0.4,0.22,4.72,0.07
Enterprise,0.78,0.7,3.23,0.18
Premium,0.42,0.36,4.04,0.14
Premium,0.23,0.2,3.57,0.09
Enterprise,0.27,0.29,3.89,0.07
Enterprise,0.32,0.14,3.47,0.11
Enterprise,0.23,0.28,4.84,0.08
Premium,0.21,0.65,4.04,0.06
Enterprise,0.69,0.22,3.47,0.18
Enterprise,0.78,0.48,4.69,0.13
Budget,0.38,0.32,3.84,0.06
Enterprise,0.77,0.6,3.85,0.15
Premium,0.36,0.12,4.64,0.09
Budget,0.43,0.4,3.54,0.13
Budget,0.62,0.24,3.01,0.1
Enterprise,0.28,0.55,3.43,0.2
Enterprise,0.78,0.2,3.45,0.13
Enterprise,0.76,0.19,4.38,0.19
Premium,0.45,0.49,4.99,0.19
Enterprise,0.64,0.67,4.22,0.16
Budget,0.53,0.16,3.64,0.06
Enterprise,0.37,0.33,4.25,0.13
Enterprise,0.77,0.68,4.68,0.1
Enterprise,0.41,0.45,3.2,0.1
Budget,0.22,0.38,3.63,0.15
Budget,0.37,0.44,3.5,0.1
Budget,0.4,0.2,4.16,0.12
Premium,0.31,0.55,3.65,0.15
Budget,0.28,0.35,4.7,0.19
Enterprise,0.68,0.53,3.04,0.13
Budget,0.33,0.42,4.67,0.14
Enterprise,0.26,0.36,3.25,0.12
Enterprise,0.4,0.68,3.37,0.1
Enterprise,0.35,0.33,3.11,0.17
Enterprise,0.59,0.11,4.45,0.06
Enterprise,0.74,0.49,4.48,0.05
Budget,0.58,0.56,3.17,0.07
Premium,0.24,0.3,3.46,0.18
Premium,0.48,0.44,4.39,0.17
Budget,0.48,0.15,4.92,0.18
Premium,0.4,0.16,4.87,0.09
Enterprise,0.64,0.22,3.75,0.05
Premium,0.24,0.52,4.09,0.13
Premium,0.52,0.61,3.47,0.12
Premium,0.68,0.12,4.97,0.18
Budget,0.3,0.26,3.89,0.16
Premium,0.76,0.51,3.64,0.08
Enterprise,0.35,0.26,3.82,0.09
Premium,0.48,0.25,3.75,0.17
Budget,0.63,0.18,4.88,0.18
Budget,0.44,0.45,4.48,0.1
Budget,0.57,0.27,4.31,0.15
Budget,0.73,0.37,3.82,0.13
Budget,0.73,0.45,3.49,0.1
Enterprise,0.22,0.39,3.6,0.18
Budget,0.54,0.11,4.87,0.19
Enterprise,0.31,0.31,3.68,0.12
Budget,0.43,0.29,4.71,0.08
Budget,0.54,0.32,4.78,0.12
Budget,0.2,0.38,3.97,0.18
Premium,0.24,0.62,3.86,0.14
Enterprise,0.67,0.17,3.38,0.08
Budget,0.45,0.23,4.44,0.14
Budget,0.45,0.19,4.31,0.17
Budget,0.37,0.25,3.47,0.08
Enterprise,0.79,0.57,3.98,0.06
Budget,0.26,0.52,3.41,0.19
Budget,0.62,0.25,3.51,0.14
Budget,0.22,0.46,3.78,0.18
Budget,0.69,0.17,3.37,0.19
Budget,0.48,0.34,3.27,0.15
Premium,0.51,0.27,3.32,0.11
Enterprise,0.73,0.41,3.82,0.1
Budget,0.23,0.29,4.14,0.13
Budget,0.59,0.16,3.51,0.19
Budget,0.53,0.52,4.19,0.07
Enterprise,0.28,0.45,4.78,0.12
Budget,0.65,0.48,3.83,0.19
Enterprise,0.61,0.56,3.86,0.18
Budget,0.41,0.21,4.7,0.16
Budget,0.55,0.66,3.07,0.17
Budget,0.66,0.49,3.79,0.14
Premium,0.37,0.17,3.21,0.06
Premium,0.75,0.4,3.54,0.14
Premium,0.33,0.67,3.04,0.19
Premium,0.3,0.38,4.21,0.12
Budget,0.22,0.19,4.25,0.06
Enterprise,0.4,0.43,3.4,0.05
Premium,0.73,0.68,3.65,0.17
Enterprise,0.27,0.3,4.13,0.08
Budget,0.49,0.42,4.4,0.2
Enterprise,0.54,0.25,4.63,0.07
Premium,0.59,0.31,4.35,0.16
Enterprise,0.66,0.17,3.74,0.07
Budget,0.37,0.18,3.31,0.15
Enterprise,0.26,0.16,4.43,0.06
Premium,0.25,0.25,3.19,0.1
Premium,0.45,0.14,3.98,0.17
Enterprise,0.34,0.31,3.51,0.09
Premium,0.27,0.15,3.31,0.09
Enterprise,0.62,0.29,4.15,0.14
Premium,0.68,0.63,4.7,0.12
Budget,0.75,0.28,4.9,0.07
Budget,0.74,0.28,4.0,0.11
Enterprise,0.61,0.5,3.9,0.15
Enterprise,0.31,0.14,3.45,0.13
Budget,0.31,0.22,3.48,0.08
Premium,0.29,0.11,4.26,0.14
Budget,0.47,0.29,3.37,0.07
Budget,0.47,0.26,3.7,0.06
Enterprise,0.48,0.69,4.54,0.19
Budget,0.67,0.37,3.98,0.08
Premium,0.21,0.6,3.17,0.14
Budget,0.74,0.46,3.41,0.09
Premium,0.58,0.54,4.24,0.2
Premium,0.41,0.39,3.37,0.12
Budget,0.73,0.25,4.67,0.12
Budget,0.48,0.68,3.74,0.11
Premium,0.75,0.12,4.53,0.15
Budget,0.33,0.15,4.12,0.05
Enterprise,0.35,0.47,3.64,0.15
Enterprise,0.22,0.38,4.77,0.1
Enterprise,0.75,0.66,3.03,0.16
Enterprise,0.51,0.69,3.12,0.12
Budget,0.45,0.31,4.05,0.14
Budget,0.47,0.43,3.23,0.11
Budget,0.43,0.56,4.77,0.15
Budget,0.23,0.38,3.84,0.17
Enterprise,0.33,0.17,3.83,0.08
Enterprise,0.78,0.45,4.04,0.05
Premium,0.41,0.32,4.78,0.12
Enterprise,0.62,0.46,3.37,0.09
Budget,0.58,0.35,3.6,0.19
Premium,0.79,0.61,4.58,0.1
Budget,0.58,0.15,4.76,0.06
Enterprise,0.67,0.2,3.69,0.16
Budget,0.32,0.49,4.99,0.05
Budget,0.78,0.48,4.56,0.13
Premium,0.35,0.65,4.71,0.14
Enterprise,0.39,0.58,4.05,0.08
Enterprise,0.72,0.28,3.32,0.07
Premium,0.79,0.4,4.1,0.16
Enterprise,0.76,0.68,4.94,0.14
Enterprise,0.47,0.32,4.26,0.15
Budget,0.6,0.68,3.51,0.12
Budget,0.69,0.59,4.59,0.17
Budget,0.63,0.41,4.86,0.16
Budget,0.39,0.23,4.19,0.06
Enterprise,0.43,0.29,3.3,0.09
Budget,0.27,0.63,3.4,0.17
Budget,0.46,0.15,4.89,0.19
Budget,0.55,0.65,3.79,0.06
Enterprise,0.37,0.65,3.65,0.17
Budget,0.35,0.44,3.04,0.09
Budget,0.66,0.39,3.4,0.07
Premium,0.22,0.36,4.35,0.11
Budget,0.43,0.57,3.86,0.1
Enterprise,0.53,0.22,4.39,0.16
Premium,0.55,0.39,4.1,0.08
Enterprise,0.32,0.65,3.88,0.16
Enterprise,0.71,0.41,4.41,0.08
Budget,0.36,0.49,3.46,0.19
Budget,0.52,0.11,3.32,0.15
Premium,0.52,0.13,4.49,0.08
Enterprise,0.62,0.12,4.24,0.07
Budget,0.31,0.64,3.34,0.18
Premium,0.42,0.15,4.31,0.12
Premium,0.31,0.44,4.73,0.18
Premium,0.45,0.62,3.22,0.1
Premium,0.48,0.61,3.68,0.09
Premium,0.79,0.53,3.84,0.15
Budget,0.42,0.55,3.98,0.11
Premium,0.23,0.22,4.16,0.17
Premium,0.66,0.44,4.12,0.07
Budget,0.24,0.27,3.49,0.09
Budget,0.44,0.24,3.31,0.14
Premium,0.26,0.24,3.81,0.18
Budget,0.74,0.21,4.24,0.19
Budget,0.75,0.53,3.85,0.06
Budget,0.58,0.65,4.57,0.08
Premium,0.64,0.58,3.82,0.11
Enterprise,0.38,0.47,3.75,0.11
Premium,0.61,0.3,4.57,0.19
Enterprise,0.3,0.43,3.7,0.12
Premium,0.67,0.55,3.1,0.18
Budget,0.55,0.52,4.05,0.18
Enterprise,0.34,0.47,3.02,0.12
Enterprise,0.52,0.39,4.35,0.14
Enterprise,0.7,0.49,3.8,0.11
Premium,0.59,0.24,3.5,0.12
Enterprise,0.49,0.23,3.23,0.12
Premium,0.65,0.43,4.77,0.1
Enterprise,0.26,0.47,3.33,0.06
Budget,0.24,0.58,3.07,0.16
Budget,0.21,0.22,4.99,0.12
Premium,0.66,0.33,4.82,0.17
Premium,0.31,0.63,3.69,0.11
Premium,0.71,0.15,3.69,0.15
Budget,0.76,0.5,4.69,0.16
Premium,0.61,0.42,3.58,0.17
Budget,0.52,0.41,3.17,0.15
Premium,0.37,0.52,4.19,0.12
Budget,0.24,0.31,4.61,0.19
Budget,0.55,0.17,3.37,0.19
Budget,0.5,0.25,4.82,0.11
Budget,0.59,0.47,4.42,0.15
Enterprise,0.36,0.23,4.57,0.15
Premium,0.52,0.37,3.92,0.11
Budget,0.27,0.36,3.93,0.2
Budget,0.3,0.5,3.41,0.11
Budget,0.64,0.25,3.79,0.2
Budget,0.51,0.19,4.24,0.12
Budget,0.39,0.59,3.02,0.05
Enterprise,0.67,0.26,4.31,0.09
Premium,0.77,0.17,3.92,0.19
Budget,0.42,0.54,3.8,0.06
Budget,0.75,0.33,4.01,0.1
Enterprise,0.67,0.48,3.12,0.06
Premium,0.41,0.63,4.33,0.15
Premium,0.34,0.64,4.96,0.15
Budget,0.39,0.57,3.68,0.09
Premium,0.73,0.18,3.24,0.12
Budget,0.64,0.31,4.33,0.18
Premium,0.68,0.44,3.17,0.09
Enterprise,0.58,0.31,3.97,0.16
Premium,0.66,0.19,3.89,0.08
Premium,0.68,0.16,3.36,0.2
Budget,0.48,0.64,3.34,0.05
Budget,0.28,0.2,3.69,0.13
Budget,0.24,0.3,3.47,0.09
Premium,0.4,0.45,3.66,0.05
Budget,0.73,0.19,4.72,0.1
Budget,0.62,0.55,4.38,0.1
Budget,0.77,0.17,3.67,0.1
Budget,0.47,0.56,3.53,0.1
Enterprise,0.48,0.6,3.36,0.07
Premium,0.51,0.14,4.02,0.17
Budget,0.34,0.54,4.06,0.08
Premium,0.34,0.6,4.24,0.06
Enterprise,0.65,0.25,4.75,0.12
Budget,0.29,0.44,3.32,0.16
Enterprise,0.57,0.55,4.68,0.16
Budget,0.24,0.22,3.19,0.06
Premium,0.45,0.64,3.73,0.07
Premium,0.56,0.51,3.79,0.18
Enterprise,0.54,0.2,4.33,0.11
Enterprise,0.76,0.25,3.63,0.19
Budget,0.32,0.2,4.3,0.09
Enterprise,0.47,0.11,3.27,0.18
Enterprise,0.55,0.36,3.6,0.06
Premium,0.45,0.58,4.08,0.1
Premium,0.31,0.38,3.07,0.17
Enterprise,0.58,0.7,4.07,0.16
Premium,0.76,0.27,4.38,0.1
Budget,0.62,0.47,4.15,0.08
Enterprise,0.56,0.3,4.65,0.09
Enterprise,0.46,0.33,4.35,0.15
Premium,0.25,0.11,4.44,0.12
Budget,0.76,0.26,4.48,0.06
Premium,0.58,0.58,4.96,0.17
Enterprise,0.5,0.49,3.83,0.14
Budget,0.58,0.65,3.07,0.09
Budget,0.79,0.32,4.57,0.12
Enterprise,0.78,0.31,3.7,0.13
Enterprise,0.65,0.11,4.92,0.13
Enterprise,0.42,0.11,3.78,0.15
Premium,0.66,0.65,3.48,0.11
Enterprise,0.41,0.11,3.5,0.1
Enterprise,0.46,0.37,4.76,0.18
Enterprise,0.54,0.34,4.93,0.14
Premium,0.52,0.61,3.81,0.17
Enterprise,0.44,0.34,3.51,0.07
Budget,0.67,0.14,4.98,0.15
Budget,0.72,0.45,4.05,0.17
Premium,0.53,0.32,4.58,0.06
Premium,0.3,0.34,3.63,0.06
Premium,0.74,0.43,4.85,0.14
Budget,0.49,0.65,4.44,0.07
Budget,0.73,0.16,4.27,0.17
Enterprise,0.4,0.69,3.74,0.13
Enterprise,0.44,0.1,4.02,0.08
Enterprise,0.8,0.28,3.65,0.08
Budget,0.2,0.23,4.21,0.06
Premium,0.46,0.49,3.11,0.08
Budget,0.33,0.21,3.94,0.18
Premium,0.35,0.57,3.51,0.07
Enterprise,0.26,0.34,4.03,0.17
Enterprise,0.79,0.67,3.72,0.07
Premium,0.21,0.55,3.29,0.18
Enterprise,0.39,0.7,4.5,0.14
Premium,0.7,0.54,3.74,0.15
Enterprise,0.6,0.15,4.7,0.06
Premium,0.5,0.65,4.91,0.19
Budget,0.75,0.21,4.61,0.12
Enterprise,0.32,0.58,3.86,0.2
Premium,0.31,0.58,4.22,0.08
Budget,0.41,0.55,3.65,0.17
Enterprise,0.43,0.49,4.82,0.11
Enterprise,0.71,0.41,4.37,0.06
Enterprise,0.52,0.52,4.66,0.17
Budget,0.51,0.49,3.81,0.13
Premium,0.25,0.17,4.55,0.06
Budget,0.74,0.14,3.75,0.06
Budget,0.77,0.52,4.99,0.15
Enterprise,0.63,0.13,4.11,0.06
Premium,0.34,0.25,4.01,0.17
Enterprise,0.71,0.47,3.7,0.14
Premium,0.41,0.51,4.93,0.1
Enterprise,0.73,0.56,3.39,0.14
Budget,0.24,0.58,4.24,0.1
Premium,0.42,0.39,3.37,0.07
Enterprise,0.79,0.38,3.33,0.08
Enterprise,0.57,0.45,4.94,0.06
Premium,0.59,0.57,3.71,0.19
Premium,0.26,0.33,3.63,0.13
Budget,0.22,0.5,4.05,0.17
Premium,0.72,0.33,4.31,0.16
Enterprise,0.51,0.37,3.68,0.18
Enterprise,0.25,0.44,4.14,0.19
Enterprise,0.76,0.53,3.15,0.08
Enterprise,0.24,0.13,4.65,0.18
Enterprise,0.26,0.64,4.14,0.17
Premium,0.59,0.4,4.26,0.07
Enterprise,0.25,0.31,3.01,0.12
Budget,0.8,0.2,4.58,0.16
Budget,0.68,0.53,4.4,0.19
Budget,0.57,0.57,3.67,0.17
Enterprise,0.29,0.2,4.14,0.1
Enterprise,0.66,0.6,4.95,0.15
Premium,0.48,0.14,3.11,0.09
Budget,0.26,0.41,4.03,0.12
Budget,0.2,0.62,3.89,0.09
Enterprise,0.55,0.47,4.46,0.16
Budget,0.32,0.34,4.48,0.09
Budget,0.21,0.68,4.62,0.16
Budget,0.79,0.22,4.17,0.18
Enterprise,0.44,0.58,3.65,0.13
Enterprise,0.32,0.43,3.53,0.06
Premium,0.41,0.63,3.79,0.16
Budget,0.44,0.33,3.01,0.14
Premium,0.33,0.26,4.5,0.08
Budget,0.6,0.36,4.39,0.15
Budget,0.58,0.44,3.45,0.19
Premium,0.42,0.59,3.23,0.18
Premium,0.33,0.58,3.38,0.16
Budget,0.58,0.2,4.96,0.16
Premium,0.52,0.33,3.78,0.13
Premium,0.38,0.69,3.74,0.05
Enterprise,0.65,0.67,3.97,0.15
Enterprise,0.45,0.69,3.31,0.13
Premium,0.24,0.38,4.22,0.11
Budget,0.21,0.32,4.78,0.15
Enterprise,0.25,0.33,3.17,0.07
Budget,0.34,0.26,4.84,0.06
Budget,0.37,0.47,3.81,0.12
Premium,0.53,0.53,4.81,0.18
Enterprise,0.38,0.25,4.2,0.07
Enterprise,0.61,0.42,3.76,0.12
Enterprise,0.64,0.46,4.32,0.18
Budget,0.47,0.16,4.46,0.2
Enterprise,0.56,0.6,3.06,0.1
Premium,0.64,0.37,4.97,0.14
Budget,0.69,0.25,4.86,0.19
Premium,0.5,0.38,4.28,0.12
Enterprise,0.38,0.24,4.14,0.18
Budget,0.26,0.61,3.36,0.18
Enterprise,0.55,0.62,3.43,0.12
Budget,0.71,0.52,4.55,0.09
Premium,0.51,0.19,3.8,0.19
Premium,0.72,0.42,3.58,0.1
Budget,0.51,0.61,4.28,0.08
Enterprise,0.54,0.58,4.26,0.17
Enterprise,0.38,0.44,3.83,0.07
Budget,0.7,0.44,4.56,0.12
Budget,0.35,0.45,3.68,0.13
Premium,0.33,0.39,4.7,0.08
Enterprise,0.37,0.26,4.76,0.07
Premium,0.36,0.41,4.32,0.13
Premium,0.48,0.36,3.47,0.06
Premium,0.2,0.13,4.22,0.14
Premium,0.44,0.43,4.89,0.07
Budget,0.6,0.34,3.95,0.07
Budget,0.27,0.2,3.67,0.19
Premium,0.75,0.34,4.27,0.18
Premium,0.48,0.2,3.04,0.14
Premium,0.24,0.61,4.55,0.09
Enterprise,0.7,0.57,4.31,0.12
Premium,0.44,0.44,3.86,0.09
Budget,0.5,0.38,3.16,0.09
Enterprise,0.29,0.51,4.5,0.08
Enterprise,0.22,0.28,4.74,0.05
Premium,0.51,0.1,4.11,0.19
Premium,0.52,0.63,3.66,0.06
Enterprise,0.55,0.51,4.25,0.15
Premium,0.73,0.37,3.12,0.18
Premium,0.26,0.6,4.49,0.06
Budget,0.59,0.64,4.66,0.19
Premium,0.42,0.27,4.0,0.19
Budget,0.41,0.43,4.07,0.06
Premium,0.69,0.29,4.01,0.16
Enterprise,0.63,0.59,4.74,0.2
Premium,0.55,0.57,4.46,0.09
Budget,0.38,0.13,3.75,0.16
Enterprise,0.26,0.13,4.76,0.16
Budget,0.38,0.52,4.85,0.08
Budget,0.75,0.14,3.8,0.2
Budget,0.54,0.44,4.54,0.16
Premium,0.54,0.53,4.1,0.17
Budget,0.7,0.61,3.34,0.12
Premium,0.61,0.26,3.13,0.05
Premium,0.54,0.17,3.42,0.08
Enterprise,0.63,0.44,4.99,0.11
Enterprise,0.58,0.57,4.37,0.15
Budget,0.32,0.15,3.81,0.17
Enterprise,0.77,0.19,4.49,0.15
Budget,0.64,0.28,3.9,0.1
Enterprise,0.34,0.25,3.61,0.14
Enterprise,0.78,0.56,3.42,0.11
Budget,0.46,0.25,3.12,0.1
Budget,0.58,0.32,3.21,0.1
Enterprise,0.79,0.6,4.18,0.15
Enterprise,0.37,0.4,3.62,0.19
Enterprise,0.3,0.14,4.71,0.13
Enterprise,0.47,0.56,3.03,0.05
Enterprise,0.42,0.32,3.27,0.19
Premium,0.71,0.26,4.53,0.08
Enterprise,0.25,0.67,4.41,0.19
Premium,0.42,0.25,4.03,0.18
Enterprise,0.73,0.55,4.07,0.12
Enterprise,0.32,0.42,3.13,0.11
Enterprise,0.52,0.15,3.82,0.13
Premium,0.41,0.14,3.66,0.12
Premium,0.32,0.61,4.64,0.2
Budget,0.48,0.36,4.71,0.06
Premium,0.67,0.49,3.23,0.11
Premium,0.63,0.2,4.4,0.15
Budget,0.6,0.55,3.38,0.07
Enterprise,0.37,0.19,3.66,0.14
Budget,0.37,0.25,3.93,0.16
Enterprise,0.78,0.54,3.22,0.08
Budget,0.51,0.49,4.02,0.05
Enterprise,0.71,0.22,4.42,0.16
Enterprise,0.52,0.47,5.0,0.2
Budget,0.66,0.36,4.71,0.16
Premium,0.22,0.1,3.51,0.18
Premium,0.4,0.52,3.09,0.11
Enterprise,0.32,0.19,3.71,0.1
Premium,0.26,0.23,4.01,0.18
Premium,0.65,0.66,4.49,0.1
Premium,0.38,0.18,4.54,0.08
Budget,0.32,0.3,4.59,0.17
Enterprise,0.48,0.22,3.2,0.16
Enterprise,0.28,0.15,3.38,0.09
Budget,0.35,0.13,4.63,0.14
Budget,0.61,0.47,4.41,0.17
Budget,0.36,0.54,3.03,0.07
Enterprise,0.61,0.69,3.11,0.07
Budget,0.22,0.34,4.93,0.16
Premium,0.73,0.65,3.21,0.2
Premium,0.41,0.54,4.88,0.06
Premium,0.6,0.39,4.56,0.12
Premium,0.54,0.7,4.29,0.15
Premium,0.22,0.47,3.82,0.19
Premium,0.61,0.16,3.82,0.19
Enterprise,0.49,0.41,3.27,0.13
Budget,0.21,0.23,4.07,0.12
Enterprise,0.37,0.41,3.7,0.1
Premium,0.21,0.64,4.05,0.18
Budget,0.61,0.18,3.29,0.16
Premium,0.35,0.2,4.47,0.19
Budget,0.65,0.49,3.95,0.06
Budget,0.56,0.69,4.89,0.2
Enterprise,0.34,0.14,3.19,0.15
Budget,0.3,0.37,3.68,0.12
Budget,0.75,0.48,3.21,0.18
Premium,0.6,0.46,3.22,0.15
Premium,0.8,0.55,3.82,0.17
Enterprise,0.61,0.6,4.44,0.18
Enterprise,0.36,0.33,4.11,0.19
Premium,0.75,0.41,4.43,0.07
Enterprise,0.27,0.58,4.57,0.05
Budget,0.63,0.38,4.38,0.12
Enterprise,0.31,0.51,4.43,0.2
Budget,0.65,0.14,4.71,0.17
Budget,0.52,0.3,3.66,0.18
Premium,0.5,0.4,3.35,0.16
Budget,0.68,0.23,4.3,0.05
Premium,0.44,0.29,3.93,0.07
Enterprise,0.23,0.32,3.42,0.06
Enterprise,0.75,0.44,3.09,0.11
Premium,0.65,0.7,4.61,0.17
Enterprise,0.45,0.27,4.25,0.1
Budget,0.2,0.69,4.96,0.2
Budget,0.41,0.4,3.13,0.09
Budget,0.41,0.46,4.9,0.11
Enterprise,0.66,0.24,3.58,0.19
Budget,0.24,0.56,3.62,0.06
Budget,0.21,0.64,4.09,0.18
Enterprise,0.54,0.12,3.17,0.15
Enterprise,0.29,0.28,4.02,0.1
Enterprise,0.28,0.56,4.71,0.17
Budget,0.47,0.56,3.89,0.05
Premium,0.32,0.26,3.77,0.14
Premium,0.4,0.56,4.43,0.14
Premium,0.29,0.13,3.58,0.18
Premium,0.51,0.24,4.86,0.2
Budget,0.76,0.62,3.94,0.1
Enterprise,0.61,0.61,3.02,0.08
Premium,0.53,0.57,3.43,0.1
Enterprise,0.54,0.16,3.39,0.2
Premium,0.23,0.36,4.32,0.2
Enterprise,0.42,0.53,3.17,0.14
Enterprise,0.72,0.13,3.18,0.09
Premium,0.74,0.44,4.08,0.09
Budget,0.42,0.64,3.76,0.15
Premium,0.75,0.35,3.45,0.07
Budget,0.45,0.16,4.82,0.13
Budget,0.26,0.63,3.74,0.14
Premium,0.61,0.37,4.73,0.18
Enterprise,0.27,0.2,4.7,0.18
Premium,0.75,0.16,4.01,0.12
Budget,0.42,0.69,3.07,0.15
Budget,0.25,0.43,3.66,0.07
Budget,0.48,0.51,3.66,0.11
Budget,0.38,0.35,3.97,0.14
Budget,0.74,0.53,4.94,0.15
Enterprise,0.46,0.31,4.35,0.09
Premium,0.76,0.11,4.98,0.16
Enterprise,0.31,0.43,4.3,0.18
Budget,0.65,0.22,4.72,0.1
Budget,0.79,0.14,4.39,0.12
Premium,0.48,0.64,4.36,0.11
Enterprise,0.3,0.41,3.78,0.07
Budget,0.46,0.67,3.71,0.16
Premium,0.33,0.7,4.55,0.16
Premium,0.31,0.23,3.01,0.16
Enterprise,0.65,0.45,4.7,0.07
Enterprise,0.36,0.46,4.03,0.07
Budget,0.63,0.32,3.17,0.18
Enterprise,0.75,0.34,4.18,0.18
Budget,0.54,0.27,4.98,0.1
Premium,0.77,0.46,4.21,0.07
Enterprise,0.75,0.32,3.61,0.18
Enterprise,0.73,0.38,4.7,0.1
Premium,0.74,0.63,3.09,0.1
Premium,0.66,0.48,4.26,0.16
Enterprise,0.4,0.29,3.65,0.15
Budget,0.63,0.33,3.15,0.17
Budget,0.38,0.26,4.78,0.1
Budget,0.29,0.65,4.34,0.12
Budget,0.6,0.63,3.14,0.09
Premium,0.25,0.41,3.42,0.06
Budget,0.77,0.62,3.04,0.17
Enterprise,0.79,0.28,3.24,0.16
Enterprise,0.53,0.46,3.37,0.15
Premium,0.74,0.41,4.95,0.2
Enterprise,0.5,0.63,3.16,0.06
Premium,0.57,0.67,4.35,0.17
Enterprise,0.23,0.45,4.17,0.06
Budget,0.34,0.22,3.45,0.16
Premium,0.77,0.14,3.78,0.12
Budget,0.25,0.29,3.85,0.11
Enterprise,0.59,0.35,3.46,0.06
Budget,0.66,0.63,4.25,0.19
Enterprise,0.43,0.6,3.76,0.17
Budget,0.62,0.46,4.84,0.14
Enterprise,0.67,0.26,3.53,0.1
Premium,0.74,0.25,3.84,0.18
Enterprise,0.51,0.69,4.63,0.18
Premium,0.37,0.67,3.72,0.05
Budget,0.51,0.31,3.58,0.1
Premium,0.43,0.44,3.41,0.19
Premium,0.36,0.46,4.86,0.18
Premium,0.28,0.61,4.87,0.09
Premium,0.71,0.29,4.64,0.13
Budget,0.39,0.45,4.46,0.11
Premium,0.77,0.53,3.84,0.11
Enterprise,0.42,0.57,3.27,0.1
Budget,0.23,0.14,3.01,0.19
Enterprise,0.23,0.21,3.54,0.09
Premium,0.73,0.49,3.59,0.12
Premium,0.43,0.17,3.4,0.06
Enterprise,0.43,0.24,3.2,0.07
Premium,0.78,0.34,3.05,0.14
Budget,0.35,0.12,4.04,0.12
Enterprise,0.3,0.7,4.06,0.18
Budget,0.45,0.5,3.14,0.1
Premium,0.69,0.12,3.01,0.16
Enterprise,0.28,0.13,4.08,0.17
Premium,0.52,0.41,4.37,0.06
Premium,0.41,0.32,4.72,0.13
Budget,0.78,0.61,3.63,0.19
Budget,0.71,0.65,3.59,0.14
Enterprise,0.25,0.33,4.83,0.1
Enterprise,0.26,0.3,3.7,0.06
Premium,0.66,0.57,3.92,0.05
Enterprise,0.25,0.34,4.19,0.09
Enterprise,0.48,0.5,4.91,0.15
Budget,0.6,0.69,4.25,0.18
Budget,0.74,0.43,3.51,0.12
Enterprise,0.33,0.12,4.74,0.16
Premium,0.22,0.26,3.43,0.18
Budget,0.54,0.28,4.49,0.13
Budget,0.42,0.24,4.86,0.17
Budget,0.27,0.45,3.59,0.19
Budget,0.74,0.26,3.34,0.14
Premium,0.69,0.18,3.99,0.12
Enterprise,0.61,0.39,3.6,0.12
Budget,0.62,0.23,3.81,0.1
Budget,0.74,0.64,3.27,0.07
Enterprise,0.73,0.51,3.56,0.12
Premium,0.6,0.44,3.14,0.14
Enterprise,0.24,0.32,4.92,0.05
Enterprise,0.35,0.59,3.21,0.08
Budget,0.27,0.53,4.99,0.16
Budget,0.26,0.38,4.3,0.05
Budget,0.7,0.6,3.32,0.05
Enterprise,0.51,0.7,3.98,0.18
Enterprise,0.71,0.19,4.89,0.13
Enterprise,0.22,0.68,4.34,0.11
Budget,0.25,0.6,4.09,0.15
Budget,0.56,0.61,3.75,0.16
Budget,0.24,0.22,3.6,0.14
Premium,0.69,0.34,4.18,0.09
Enterprise,0.34,0.52,4.16,0.2
Premium,0.75,0.17,4.24,0.14
Premium,0.37,0.53,4.25,0.05
Budget,0.46,0.65,4.58,0.1
Premium,0.75,0.11,4.57,0.06
Premium,0.47,0.44,4.17,0.09
Premium,0.58,0.35,3.47,0.13
Premium,0.21,0.36,4.3,0.16
Budget,0.63,0.13,4.0,0.1
Budget,0.8,0.12,3.13,0.06
Enterprise,0.29,0.31,3.82,0.19
Enterprise,0.37,0.28,3.32,0.13
Premium,0.28,0.44,3.11,0.15
Premium,0.3,0.12,3.82,0.14
Budget,0.35,0.59,3.06,0.15
Premium,0.68,0.54,3.4,0.15
Enterprise,0.31,0.63,3.68,0.14
Enterprise,0.27,0.32,4.86,0.18
Budget,0.41,0.13,3.96,0.19
Enterprise,0.67,0.32,4.77,0.05
Premium,0.45,0.4,4.63,0.17
Premium,0.67,0.65,3.97,0.17
Enterprise,0.59,0.59,3.79,0.05
Premium,0.61,0.11,3.11,0.13
Premium,0.35,0.55,4.2,0.13
Enterprise,0.39,0.63,4.34,0.2
Budget,0.36,0.19,4.74,0.07
Budget,0.25,0.36,3.22,0.19
Enterprise,0.52,0.27,4.95,0.18
Premium,0.64,0.33,3.28,0.08
Budget,0.53,0.35,4.84,0.18
Enterprise,0.69,0.2,4.15,0.18
Enterprise,0.61,0.12,3.27,0.15
Enterprise,0.71,0.23,4.49,0.1
Budget,0.25,0.53,4.79,0.19
Enterprise,0.64,0.24,3.86,0.18
Budget,0.6,0.32,3.12,0.17
Budget,0.26,0.68,3.29,0.16
Enterprise,0.75,0.17,4.73,0.13
Premium,0.68,0.63,3.67,0.13
Premium,0.63,0.23,3.6,0.19
Budget,0.3,0.11,4.3,0.06
Budget,0.67,0.21,4.63,0.14
Enterprise,0.52,0.52,4.39,0.1
Enterprise,0.72,0.58,3.63,0.1
Budget,0.27,0.6,4.35,0.05
Budget,0.33,0.69,4.69,0.05
Enterprise,0.6,0.22,3.64,0.17
Premium,0.42,0.39,4.21,0.15
Premium,0.37,0.47,3.96,0.09
Budget,0.32,0.68,4.03,0.18
Premium,0.66,0.23,3.97,0.12
Enterprise,0.51,0.43,3.66,0.08
Enterprise,0.66,0.29,4.24,0.06
Budget,0.38,0.69,3.58,0.12
Premium,0.7,0.57,3.13,0.1
Enterprise,0.41,0.69,4.42,0.12
Premium,0.45,0.24,4.41,0.09
Enterprise,0.52,0.12,4.85,0.16
Premium,0.39,0.19,3.44,0.05
Budget,0.6,0.61,4.57,0.1
Enterprise,0.42,0.7,4.56,0.2
Budget,0.26,0.27,3.52,0.19
Premium,0.63,0.41,3.22,0.15
Premium,0.62,0.55,4.65,0.1
Budget,0.75,0.48,3.29,0.12
Budget,0.24,0.12,3.2,0.06
Budget,0.35,0.43,4.86,0.14
Budget,0.68,0.38,3.15,0.16
Premium,0.75,0.39,4.84,0.1
Enterprise,0.28,0.32,4.85,0.11
Enterprise,0.79,0.15,3.86,0.09
Premium,0.59,0.63,3.4,0.09
Budget,0.65,0.4,3.6,0.14
Enterprise,0.47,0.64,3.17,0.17
Enterprise,0.22,0.36,4.31,0.15
Premium,0.51,0.42,4.59,0.2
Budget,0.72,0.33,3.14,0.14
Premium,0.75,0.45,3.42,0.09
Enterprise,0.75,0.37,4.44,0.06
Premium,0.57,0.67,3.04,0.11
Premium,0.67,0.35,3.54,0.18
Premium,0.39,0.61,4.8,0.14
Enterprise,0.74,0.29,4.93,0.17
Budget,0.36,0.18,4.89,0.07
Premium,0.3,0.6,4.94,0.1
Budget,0.49,0.52,3.79,0.07
Enterprise,0.38,0.39,3.45,0.06
Enterprise,0.63,0.64,3.5,0.19
Enterprise,0.6,0.17,3.77,0.14
Premium,0.51,0.39,3.63,0.07
Budget,0.35,0.27,3.73,0.12
Enterprise,0.29,0.48,4.78,0.19
Premium,0.69,0.62,3.06,0.19
Budget,0.79,0.69,3.2,0.13
Budget,0.68,0.29,3.51,0.13
Premium,0.72,0.33,3.03,0.09
Budget,0.41,0.3,3.74,0.06
Premium,0.79,0.24,4.44,0.12
Premium,0.27,0.33,4.49,0.17
Premium,0.43,0.49,3.57,0.14
Premium,0.26,0.65,3.55,0.14
Premium,0.48,0.46,3.19,0.18
Premium,0.65,0.59,3.4,0.06
Enterprise,0.5,0.35,4.78,0.05
Premium,0.64,0.51,4.93,0.05
Enterprise,0.33,0.36,4.98,0.14
Budget,0.4,0.29,4.39,0.14
Budget,0.31,0.52,4.95,0.16
Premium,0.59,0.68,4.16,0.17
Budget,0.78,0.51,4.95,0.18
Premium,0.61,0.7,4.26,0.17
Budget,0.79,0.67,3.65,0.11
Budget,0.64,0.34,3.26,0.1
Budget,0.68,0.14,3.42,0.07
Budget,0.52,0.44,4.99,0.2
Enterprise,0.41,0.36,4.49,0.13
Enterprise,0.63,0.43,4.51,0.06
Enterprise,0.77,0.59,4.87,0.15
Enterprise,0.34,0.69,3.99,0.2
Premium,0.4,0.69,3.15,0.1
Enterprise,0.44,0.62,3.92,0.09
Premium,0.61,0.14,4.71,0.17
Budget,0.34,0.52,3.58,0.13
Enterprise,0.71,0.54,3.16,0.08
Enterprise,0.66,0.19,4.83,0.17
Enterprise,0.72,0.19,4.65,0.09
Premium,0.67,0.63,4.5,0.18
Premium,0.55,0.42,3.23,0.08
Premium,0.33,0.41,3.13,0.18
Budget,0.25,0.45,4.3,0.13
Enterprise,0.73,0.25,3.8,0.1
Premium,0.52,0.15,4.7,0.11
Enterprise,0.27,0.11,4.0,0.17
Premium,0.36,0.48,4.91,0.15
Premium,0.57,0.37,3.19,0.06
Premium,0.29,0.21,4.87,0.14
Premium,0.56,0.55,3.3,0.19
Enterprise,0.32,0.4,3.48,0.06
Premium,0.37,0.47,3.71,0.17
Premium,0.79,0.48,3.72,0.15
Budget,0.62,0.53,4.99,0.15
Premium,0.62,0.24,4.77,0.15
Enterprise,0.3,0.56,4.18,0.13
Premium,0.46,0.53,4.66,0.18
Budget,0.42,0.43,4.73,0.11
Budget,0.58,0.32,4.72,0.15
Premium,0.74,0.25,4.73,0.09
Premium,0.52,0.61,3.12,0.14
Budget,0.46,0.18,3.77,0.19
Budget,0.72,0.55,3.48,0.13
Premium,0.65,0.41,3.45,0.09
Premium,0.32,0.32,3.49,0.1
Budget,0.39,0.31,3.74,0.1
Enterprise,0.44,0.66,4.49,0.09
Budget,0.58,0.24,3.81,0.18
Premium,0.62,0.62,4.28,0.19
Premium,0.25,0.32,3.82,0.18
Budget,0.41,0.2,4.68,0.18
Premium,0.27,0.23,4.73,0.18
Budget,0.21,0.31,3.18,0.1
Enterprise,0.64,0.52,4.87,0.08
Budget,0.67,0.37,4.06,0.11
Enterprise,0.68,0.53,4.58,0.19
Enterprise,0.6,0.65,3.87,0.16
Enterprise,0.21,0.14,3.91,0.16
Budget,0.42,0.13,3.21,0.07
Enterprise,0.55,0.29,4.0,0.11
Budget,0.46,0.13,3.28,0.06
Enterprise,0.46,0.58,4.32,0.11
Enterprise,0.5,0.28,4.77,0.19
Premium,0.27,0.24,3.39,0.13
Enterprise,0.58,0.68,4.89,0.08
Enterprise,0.54,0.61,4.84,0.12
Premium,0.73,0.61,4.76,0.15
Premium,0.59,0.43,3.59,0.14
Enterprise,0.26,0.59,4.59,0.12
Premium,0.59,0.22,3.79,0.06
Premium,0.21,0.47,3.04,0.2
Premium,0.69,0.3,4.3,0.2
Premium,0.7,0.57,3.55,0.11
Premium,0.2,0.54,4.24,0.19
Budget,0.49,0.44,3.83,0.06
Budget,0.64,0.49,4.99,0.18
Premium,0.44,0.59,3.36,0.06
Budget,0.62,0.18,4.08,0.19
Premium,0.77,0.29,4.79,0.2
Budget,0.37,0.27,3.88,0.1
Premium,0.38,0.59,3.11,0.13
Budget,0.42,0.13,3.74,0.12
Enterprise,0.51,0.49,4.08,0.15
Budget,0.27,0.24,3.47,0.2
Enterprise,0.31,0.34,3.14,0.14
Budget,0.27,0.32,3.74,0.17
Enterprise,0.47,0.66,4.83,0.09
Premium,0.58,0.7,4.03,0.13
Enterprise,0.52,0.28,3.55,0.18
Budget,0.27,0.38,4.83,0.08
Enterprise,0.55,0.48,3.82,0.06
Enterprise,0.35,0.21,3.28,0.12
Premium,0.7,0.24,3.75,0.17
Enterprise,0.75,0.58,3.84,0.19
Budget,0.79,0.7,4.2,0.1
Premium,0.4,0.48,4.67,0.06
Premium,0.78,0.36,3.54,0.06
Premium,0.33,0.28,3.2,0.15
Premium,0.39,0.33,4.57,0.16
Budget,0.69,0.32,4.83,0.1
Premium,0.48,0.39,4.14,0.19
Budget,0.33,0.55,3.12,0.06
Enterprise,0.63,0.24,4.95,0.15
Premium,0.69,0.3,3.89,0.17
Budget,0.33,0.33,4.03,0.13
Budget,0.28,0.21,4.53,0.14
Premium,0.55,0.29,4.37,0.17
Premium,0.32,0.45,4.18,0.09
Enterprise,0.67,0.28,3.27,0.11
Enterprise,0.4,0.54,4.37,0.14
Budget,0.6,0.28,3.42,0.11
Premium,0.32,0.29,4.96,0.06
Budget,0.53,0.24,4.42,0.16
Budget,0.7,0.24,3.13,0.11
Premium,0.41,0.12,3.07,0.16
Budget,0.42,0.37,3.86,0.14
Enterprise,0.22,0.51,3.43,0.2
Premium,0.33,0.65,4.78,0.12
Enterprise,0.48,0.14,3.22,0.17
Budget,0.79,0.36,4.23,0.12
Enterprise,0.35,0.22,3.76,0.11
Enterprise,0.28,0.18,3.64,0.16
Enterprise,0.52,0.33,3.77,0.08
Premium,0.53,0.14,4.39,0.06
Enterprise,0.25,0.39,3.12,0.14
Budget,0.73,0.45,4.79,0.07
Premium,0.51,0.66,3.53,0.09
Premium,0.3,0.37,3.43,0.18
Premium,0.58,0.47,4.19,0.07
Enterprise,0.24,0.36,3.25,0.06
Enterprise,0.71,0.46,4.45,0.08
Enterprise,0.73,0.67,3.08,0.06
Premium,0.71,0.62,4.04,0.1
Premium,0.59,0.44,4.42,0.11
Premium,0.72,0.66,4.61,0.19
Enterprise,0.75,0.37,3.38,0.14
Enterprise,0.32,0.34,3.34,0.08
Premium,0.64,0.26,4.87,0.11
Premium,0.58,0.49,3.17,0.19
Premium,0.56,0.2,3.38,0.16
Premium,0.2,0.64,3.3,0.12
Budget,0.57,0.4,3.61,0.16
Premium,0.37,0.32,4.22,0.18
Premium,0.54,0.46,3.2,0.05
Budget,0.6,0.24,3.89,0.14
Premium,0.31,0.51,4.15,0.08
Budget,0.39,0.55,4.59,0.15
Budget,0.53,0.6,3.8,0.17
Budget,0.59,0.66,4.96,0.19
Enterprise,0.5,0.65,4.88,0.07
Enterprise,0.38,0.58,4.07,0.17
Budget,0.41,0.56,3.26,0.12
Budget,0.7,0.26,3.95,0.15
Budget,0.68,0.32,3.32,0.11
Enterprise,0.35,0.52,4.62,0.16
Budget,0.22,0.11,4.29,0.13
Budget,0.71,0.67,4.12,0.08
Enterprise,0.35,0.51,4.94,0.16
Premium,0.33,0.39,4.91,0.18
Budget,0.29,0.68,3.92,0.18
Premium,0.57,0.54,4.58,0.12
Premium,0.38,0.4,3.08,0.08
Enterprise,0.24,0.42,3.27,0.15
Premium,0.43,0.32,3.94,0.13
Enterprise,0.27,0.49,3.13,0.07
Enterprise,0.33,0.28,3.94,0.09
Enterprise,0.45,0.61,4.13,0.16
Enterprise,0.5,0.21,3.93,0.18
Budget,0.8,0.59,3.28,0.1
Premium,0.55,0.69,4.14,0.19
Premium,0.61,0.69,4.06,0.08
Premium,0.71,0.26,4.19,0.09
Budget,0.73,0.56,3.93,0.14
Premium,0.74,0.6,3.02,0.18
Enterprise,0.78,0.21,4.06,0.06
Budget,0.58,0.2,3.57,0.17
Premium,0.63,0.52,3.4,0.07
Premium,0.31,0.51,3.71,0.2
Budget,0.72,0.56,4.14,0.15
Budget,0.33,0.54,3.94,0.16
Premium,0.49,0.29,3.7,0.15
Enterprise,0.36,0.39,3.82,0.1
Budget,0.69,0.31,3.69,0.08
Budget,0.72,0.48,3.0,0.1
Budget,0.2,0.15,4.35,0.11
Enterprise,0.79,0.23,4.97,0.16
Budget,0.32,0.18,3.67,0.17
Premium,0.26,0.64,4.21,0.09
Budget,0.57,0.17,3.25,0.06
Premium,0.37,0.62,4.73,0.13
Budget,0.67,0.5,3.89,0.09
Budget,0.76,0.21,4.82,0.06
Budget,0.7,0.66,4.16,0.17
Enterprise,0.24,0.63,3.25,0.06
Budget,0.3,0.59,3.69,0.13
Enterprise,0.58,0.67,3.18,0.06
Enterprise,0.38,0.51,4.1,0.07
Budget,0.37,0.35,3.89,0.19
Enterprise,0.51,0.51,3.64,0.16
Enterprise,0.48,0.27,4.91,0.06
Enterprise,0.57,0.16,3.84,0.06
Premium,0.21,0.55,4.9,0.08
Budget,0.73,0.31,3.42,0.12
Premium,0.77,0.51,4.46,0.18
Premium,0.2,0.28,4.01,0.11
Premium,0.37,0.16,3.96,0.19
Enterprise,0.59,0.2,3.64,0.13
Enterprise,0.77,0.42,4.86,0.16
Enterprise,0.76,0.45,3.26,0.08
Premium,0.43,0.42,4.35,0.16
Premium,0.71,0.55,4.45,0.09
Premium,0.2,0.25,4.27,0.06
Enterprise,0.4,0.34,3.38,0.15
Premium,0.64,0.12,4.6,0.17
Enterprise,0.78,0.29,4.38,0.09
Budget,0.29,0.58,3.16,0.08
Enterprise,0.35,0.41,4.11,0.1
Enterprise,0.34,0.11,4.96,0.17
Budget,0.33,0.54,3.32,0.14
Enterprise,0.64,0.57,3.35,0.19
Budget,0.24,0.35,3.08,0.16
Budget,0.58,0.42,4.21,0.15
Budget,0.53,0.14,3.2,0.13
Enterprise,0.65,0.58,4.6,0.11
Enterprise,0.62,0.13,3.78,0.18
Premium,0.65,0.45,3.19,0.14
Premium,0.42,0.23,4.83,0.11
Premium,0.34,0.65,4.73,0.09
Enterprise,0.22,0.39,3.88,0.16
Enterprise,0.78,0.24,4.64,0.16
Budget,0.8,0.65,3.98,0.12
Budget,0.42,0.22,4.35,0.1
Premium,0.33,0.51,4.68,0.07
Budget,0.33,0.19,3.65,0.07
Budget,0.62,0.22,3.37,0.19
Budget,0.61,0.51,3.66,0.18
Budget,0.5,0.41,4.27,0.15
Premium,0.35,0.17,4.8,0.18
Budget,0.31,0.61,4.74,0.15
Enterprise,0.69,0.66,4.19,0.11
Premium,0.75,0.57,4.45,0.13
Premium,0.56,0.26,4.45,0.17
Premium,0.66,0.22,4.57,0.08
Premium,0.32,0.41,3.89,0.11
Premium,0.29,0.5,3.05,0.12
Budget,0.73,0.7,4.04,0.06
Premium,0.48,0.58,4.67,0.09
Budget,0.47,0.26,3.31,0.09
Budget,0.37,0.22,4.39,0.13
Enterprise,0.29,0.65,3.47,0.2
Premium,0.37,0.62,3.0,0.09
Enterprise,0.58,0.3,4.11,0.09
Premium,0.27,0.55,3.5,0.05
Premium,0.77,0.63,3.62,0.1
Budget,0.74,0.23,4.27,0.18
Enterprise,0.55,0.62,3.2,0.1
Premium,0.64,0.29,3.4,0.17
Budget,0.73,0.51,4.76,0.1
Enterprise,0.67,0.29,4.53,0.19
Budget,0.24,0.56,3.9,0.16
Premium,0.35,0.24,4.73,0.06
Budget,0.47,0.1,4.8,0.07
Budget,0.68,0.12,3.35,0.17
Budget,0.6,0.28,3.63,0.07
Budget,0.71,0.11,4.28,0.07
Premium,0.7,0.68,3.17,0.05
Enterprise,0.53,0.69,3.44,0.11
Enterprise,0.72,0.69,4.74,0.11
Premium,0.4,0.29,3.52,0.1
Enterprise,0.42,0.35,4.84,0.05
Enterprise,0.67,0.58,3.87,0.11
Enterprise,0.48,0.53,3.45,0.07
Budget,0.67,0.11,4.32,0.05
Premium,0.7,0.63,4.83,0.13
Premium,0.67,0.48,3.51,0.07
Enterprise,0.53,0.25,4.04,0.05
Budget,0.64,0.13,3.64,0.13
Enterprise,0.25,0.61,4.07,0.11
Premium,0.49,0.51,4.02,0.19
Budget,0.2,0.27,4.21,0.16
Budget,0.59,0.32,4.11,0.11
Premium,0.69,0.23,3.24,0.13
Budget,0.35,0.16,3.64,0.13
Enterprise,0.8,0.41,4.09,0.1
Premium,0.44,0.57,4.42,0.08
Enterprise,0.62,0.62,4.5,0.16
Budget,0.69,0.66,4.66,0.16
Premium,0.4,0.33,3.15,0.16
Enterprise,0.74,0.51,4.3,0.06
Enterprise,0.33,0.56,4.87,0.1
Budget,0.78,0.49,3.45,0.1
Budget,0.51,0.41,4.66,0.16
Budget,0.69,0.36,3.78,0.15
Premium,0.38,0.51,4.41,0.13
Enterprise,0.75,0.53,3.58,0.13
Enterprise,0.55,0.29,4.35,0.18
Premium,0.79,0.32,4.54,0.11
Budget,0.68,0.47,4.66,0.13
Enterprise,0.3,0.17,3.07,0.1
Budget,0.44,0.63,3.22,0.15
Premium,0.32,0.27,3.86,0.08
Budget,0.52,0.45,4.13,0.15
Enterprise,0.59,0.45,3.05,0.2
Budget,0.39,0.24,3.54,0.06
Enterprise,0.73,0.46,4.63,0.13
Enterprise,0.27,0.6,3.49,0.13
Enterprise,0.49,0.1,4.95,0.1
Premium,0.74,0.55,3.46,0.15
Premium,0.62,0.41,3.76,0.06
Budget,0.6,0.19,4.3,0.11
Enterprise,0.28,0.54,4.29,0.2
Enterprise,0.63,0.43,4.71,0.1
Enterprise,0.75,0.33,4.03,0.12
Premium,0.31,0.38,4.28,0.18
Enterprise,0.45,0.4,4.4,0.05
Budget,0.54,0.37,3.98,0.16
Budget,0.21,0.23,3.98,0.11
Budget,0.6,0.37,3.16,0.16
Premium,0.55,0.6,3.44,0.17
Premium,0.24,0.66,3.64,0.08
Enterprise,0.7,0.21,3.95,0.19
Enterprise,0.38,0.63,4.1,0.14
Premium,0.27,0.67,4.53,0.2
Enterprise,0.41,0.66,4.7,0.11
Budget,0.6,0.24,3.04,0.11
Premium,0.56,0.47,3.73,0.18
Enterprise,0.61,0.44,4.84,0.06
Premium,0.61,0.5,3.03,0.12
Budget,0.35,0.5,3.75,0.14
Enterprise,0.26,0.2,3.73,0.13
Enterprise,0.31,0.61,3.55,0.18
Budget,0.62,0.49,3.18,0.14
Enterprise,0.2,0.43,4.95,0.1
Budget,0.59,0.15,3.5,0.16
Budget,0.3,0.36,4.54,0.17
Enterprise,0.29,0.17,3.18,0.1
Budget,0.34,0.1,4.61,0.17
Enterprise,0.29,0.6,3.19,0.13
Premium,0.56,0.42,3.52,0.12
Budget,0.34,0.55,3.34,0.09
Enterprise,0.55,0.61,4.04,0.17
Premium,0.5,0.18,3.77,0.08
Budget,0.48,0.62,3.33,0.09
Enterprise,0.4,0.64,4.88,0.12
Premium,0.44,0.3,3.43,0.19
Budget,0.64,0.54,3.44,0.13
Premium,0.63,0.62,4.32,0.05
Budget,0.41,0.41,4.57,0.13
Enterprise,0.56,0.66,3.77,0.16
Budget,0.78,0.59,3.19,0.2
Budget,0.29,0.25,4.97,0.17
Premium,0.41,0.12,4.77,0.18
Budget,0.38,0.31,4.23,0.12
Premium,0.57,0.12,3.87,0.14
Enterprise,0.69,0.57,4.73,0.16
Premium,0.73,0.49,4.12,0.13
Budget,0.79,0.35,4.36,0.08
Enterprise,0.57,0.6,4.01,0.07
Budget,0.52,0.48,4.91,0.15
Premium,0.53,0.63,4.94,0.07
Premium,0.78,0.25,3.84,0.08
Premium,0.55,0.14,4.56,0.06
Budget,0.33,0.46,3.81,0.08
Premium,0.51,0.19,4.55,0.08
Enterprise,0.23,0.11,3.65,0.06
Budget,0.6,0.63,3.26,0.18
Budget,0.6,0.58,3.24,0.18
Premium,0.56,0.32,3.34,0.14
Enterprise,0.59,0.64,4.56,0.12
Enterprise,0.25,0.11,3.29,0.1
Premium,0.78,0.66,4.81,0.19
Premium,0.59,0.24,3.97,0.1
Enterprise,0.58,0.46,4.99,0.14
Budget,0.49,0.65,4.23,0.16
Premium,0.53,0.55,4.45,0.14
Premium,0.76,0.47,4.45,0.09
Premium,0.27,0.67,4.35,0.18
Enterprise,0.7,0.66,3.62,0.11
Budget,0.35,0.33,4.68,0.16
Premium,0.51,0.32,4.93,0.07
Enterprise,0.68,0.49,4.6,0.1
Enterprise,0.39,0.2,4.47,0.09
Premium,0.51,0.32,4.73,0.1
Budget,0.29,0.35,4.71,0.2
Enterprise,0.4,0.48,4.59,0.13
Budget,0.27,0.49,4.11,0.11
Premium,0.26,0.42,4.64,0.11
Premium,0.55,0.31,4.28,0.09
Enterprise,0.77,0.32,4.77,0.07
Enterprise,0.53,0.39,4.84,0.13
Budget,0.52,0.36,4.38,0.06
Enterprise,0.73,0.41,3.07,0.08
Budget,0.61,0.48,4.05,0.16
Premium,0.78,0.34,3.45,0.05
Premium,0.51,0.64,4.58,0.17
Enterprise,0.37,0.44,3.64,0.11
Budget,0.37,0.67,3.76,0.15
Budget,0.29,0.14,3.13,0.09
Enterprise,0.46,0.47,4.8,0.08
Enterprise,0.75,0.14,3.33,0.11
Budget,0.63,0.59,4.18,0.1
Enterprise,0.29,0.54,3.5,0.09
Premium,0.28,0.61,3.05,0.07
Premium,0.67,0.17,3.71,0.13
Enterprise,0.74,0.44,4.76,0.17
Enterprise,0.45,0.23,3.01,0.09
Budget,0.62,0.32,3.64,0.05
Budget,0.72,0.64,4.11,0.15
Premium,0.22,0.47,4.17,0.17
Premium,0.39,0.29,3.34,0.09
Enterprise,0.59,0.58,4.23,0.07
Enterprise,0.52,0.46,4.26,0.07
Enterprise,0.29,0.51,3.04,0.07
Premium,0.36,0.39,3.81,0.17
Enterprise,0.76,0.17,4.04,0.11
Premium,0.58,0.66,4.57,0.09
Premium,0.67,0.33,4.64,0.2
Premium,0.26,0.29,4.1,0.2
Budget,0.27,0.45,4.59,0.16
Premium,0.53,0.23,4.21,0.17
Budget,0.6,0.65,4.13,0.18
Budget,0.36,0.36,3.42,0.14
Premium,0.63,0.25,4.23,0.16
Enterprise,0.68,0.28,3.35,0.13
Budget,0.69,0.27,3.07,0.07
Budget,0.75,0.33,3.43,0.16
Budget,0.74,0.32,3.96,0.19
Budget,0.21,0.52,3.78,0.14
Enterprise,0.52,0.26,4.8,0.12
Premium,0.26,0.53,3.65,0.07
Budget,0.51,0.28,4.02,0.18
Enterprise,0.59,0.23,4.57,0.07
Budget,0.33,0.45,3.75,0.07
Enterprise,0.22,0.61,3.65,0.15
Budget,0.5,0.21,4.36,0.06
Enterprise,0.55,0.3,3.64,0.11
Premium,0.38,0.37,3.57,0.16
Budget,0.21,0.55,4.74,0.08
Enterprise,0.34,0.21,3.02,0.11
Budget,0.56,0.16,3.96,0.2
Budget,0.67,0.26,4.63,0.09
Enterprise,0.73,0.22,3.12,0.11
Enterprise,0.3,0.27,3.42,0.13
Premium,0.42,0.41,3.02,0.14
Budget,0.56,0.7,4.8,0.09
Premium,0.41,0.38,3.58,0.15
Enterprise,0.26,0.12,4.67,0.12
Premium,0.52,0.48,4.9,0.13
Budget,0.73,0.35,3.05,0.15
Premium,0.57,0.54,4.46,0.18
Enterprise,0.57,0.33,4.13,0.08
Premium,0.75,0.49,3.8,0.09
Enterprise,0.32,0.19,4.91,0.14
Enterprise,0.42,0.29,3.98,0.07
Budget,0.57,0.23,4.38,0.08
Premium,0.77,0.58,3.75,0.06
Enterprise,0.37,0.54,3.49,0.18
Enterprise,0.42,0.31,3.94,0.15
Enterprise,0.78,0.16,3.92,0.11
Enterprise,0.75,0.39,4.46,0.11
Enterprise,0.48,0.36,3.67,0.12
Premium,0.71,0.58,3.88,0.18
Budget,0.45,0.47,3.81,0.13
Enterprise,0.51,0.51,3.23,0.19
Premium,0.67,0.66,3.66,0.08
Enterprise,0.53,0.22,3.17,0.13
Budget,0.44,0.4,3.37,0.15
Budget,0.53,0.21,3.3,0.14
Premium,0.76,0.29,3.04,0.17
Budget,0.36,0.59,4.22,0.11
Premium,0.7,0.41,4.81,0.07
Enterprise,0.28,0.16,3.69,0.18
Budget,0.22,0.17,4.46,0.11
Premium,0.62,0.64,3.45,0.14
Premium,0.59,0.28,3.38,0.06
Enterprise,0.57,0.52,4.84,0.17
Premium,0.42,0.59,3.36,0.16
Enterprise,0.77,0.2,4.08,0.11
Budget,0.54,0.51,3.12,0.13
Budget,0.23,0.22,4.09,0.08
Budget,0.61,0.47,4.95,0.19
Budget,0.41,0.55,4.56,0.05
Enterprise,0.3,0.34,4.97,0.12
Enterprise,0.33,0.48,3.49,0.12
Budget,0.79,0.14,3.89,0.14
Budget,0.57,0.4,3.75,0.08
Enterprise,0.72,0.18,3.22,0.09
Premium,0.74,0.7,4.94,0.16
Budget,0.75,0.24,4.16,0.1
Enterprise,0.59,0.13,3.58,0.17
Enterprise,0.38,0.15,4.9,0.13
Enterprise,0.42,0.27,3.17,0.09
Budget,0.36,0.37,4.79,0.16
Budget,0.67,0.11,4.82,0.09
Enterprise,0.66,0.66,4.97,0.16
Premium,0.22,0.32,4.7,0.11
Budget,0.54,0.36,3.48,0.19
Premium,0.45,0.41,3.32,0.07
Premium,0.6,0.24,3.51,0.16
Budget,0.57,0.44,4.23,0.19
Budget,0.48,0.14,3.42,0.05
Premium,0.27,0.52,4.33,0.09
Budget,0.41,0.44,4.36,0.18
Premium,0.29,0.63,4.98,0.06
Premium,0.42,0.38,4.37,0.18
Budget,0.34,0.48,3.08,0.08
Enterprise,0.29,0.36,3.4,0.11
Budget,0.53,0.46,3.94,0.19
Enterprise,0.69,0.59,3.43,0.12
Budget,0.69,0.53,4.38,0.13
Premium,0.38,0.12,4.49,0.09
Enterprise,0.36,0.63,4.19,0.14
Enterprise,0.58,0.62,4.32,0.18
Premium,0.55,0.28,3.26,0.1
Budget,0.37,0.32,3.18,0.17
Budget,0.34,0.12,4.69,0.09
Budget,0.51,0.6,3.46,0.17
Budget,0.68,0.21,3.7,0.07
Budget,0.65,0.35,3.5,0.11
Budget,0.65,0.17,4.58,0.05
Enterprise,0.64,0.26,4.65,0.18
Budget,0.22,0.67,4.93,0.05
Enterprise,0.64,0.45,4.69,0.06
Budget,0.59,0.47,3.53,0.09
Premium,0.69,0.62,4.42,0.08
Premium,0.42,0.43,3.48,0.15
Enterprise,0.41,0.31,4.08,0.09
Enterprise,0.65,0.36,3.86,0.08
Enterprise,0.65,0.22,4.62,0.06
Budget,0.24,0.49,4.48,0.09
Budget,0.56,0.63,3.99,0.07
Premium,0.2,0.55,4.1,0.14
Premium,0.45,0.41,3.13,0.13
Budget,0.53,0.44,4.26,0.18
Premium,0.54,0.19,4.38,0.07
Enterprise,0.76,0.49,3.23,0.14
Premium,0.22,0.56,3.16,0.15
Enterprise,0.61,0.17,3.94,0.08
Budget,0.48,0.44,4.18,0.17
Budget,0.24,0.57,4.72,0.14
Budget,0.64,0.53,3.73,0.16
Premium,0.68,0.11,4.76,0.19
Enterprise,0.39,0.5,4.01,0.18
Premium,0.49,0.59,4.54,0.15
Budget,0.67,0.26,3.03,0.11
Premium,0.54,0.25,4.88,0.13
Budget,0.75,0.66,4.62,0.09
Premium,0.75,0.45,4.28,0.15
Premium,0.38,0.56,4.51,0.12
Premium,0.41,0.3,3.54,0.13
Budget,0.37,0.62,4.79,0.15
Enterprise,0.64,0.3,3.11,0.08
Budget,0.74,0.11,4.81,0.07
Budget,0.26,0.13,4.59,0.14
Budget,0.29,0.49,4.18,0.05
Premium,0.59,0.5,4.44,0.09
Enterprise,0.79,0.45,3.65,0.19
Premium,0.24,0.18,4.2,0.13
Budget,0.56,0.48,4.5,0.12
Premium,0.61,0.47,4.71,0.19
Budget,0.57,0.59,4.57,0.06
Enterprise,0.51,0.58,4.31,0.08
Premium,0.47,0.12,4.67,0.11
Enterprise,0.68,0.64,3.43,0.15
Premium,0.65,0.31,4.36,0.08
Premium,0.52,0.27,4.4,0.11
Premium,0.28,0.22,4.81,0.07
Premium,0.63,0.35,4.83,0.11
Premium,0.25,0.61,3.5,0.07
Budget,0.61,0.6,4.0,0.07
Enterprise,0.35,0.27,4.2,0.19
Enterprise,0.29,0.46,3.89,0.13
Enterprise,0.67,0.63,4.49,0.08
Budget,0.21,0.34,4.82,0.18
Premium,0.6,0.34,5.0,0.09
Premium,0.21,0.44,4.26,0.06
Budget,0.76,0.28,4.69,0.15
Premium,0.25,0.38,3.52,0.12
Enterprise,0.26,0.46,4.33,0.08
Enterprise,0.77,0.53,3.75,0.17
Premium,0.42,0.59,3.14,0.09
Premium,0.29,0.12,3.07,0.12
Premium,0.79,0.45,4.95,0.05
Enterprise,0.24,0.59,3.09,0.07
Budget,0.39,0.37,3.04,0.15
Budget,0.66,0.51,3.53,0.15
Enterprise,0.49,0.68,3.58,0.18
Premium,0.44,0.16,3.35,0.1
Premium,0.76,0.28,4.84,0.09
Premium,0.23,0.6,4.71,0.17
Budget,0.34,0.24,3.93,0.05
Premium,0.39,0.63,4.88,0.12
Enterprise,0.25,0.37,4.35,0.16
Budget,0.51,0.53,4.79,0.17
Enterprise,0.58,0.37,3.34,0.11
Enterprise,0.54,0.56,3.14,0.12
Budget,0.25,0.25,3.12,0.13
Enterprise,0.74,0.27,3.3,0.15
Budget,0.76,0.6,3.04,0.09
Enterprise,0.39,0.38,3.04,0.14
Premium,0.35,0.29,4.69,0.12
Enterprise,0.69,0.35,3.91,0.17
Premium,0.77,0.27,3.59,0.07
Premium,0.2,0.26,4.81,0.15
Budget,0.58,0.68,3.46,0.17
Budget,0.52,0.51,3.45,0.15
Premium,0.22,0.13,4.08,0.1
Premium,0.52,0.38,4.44,0.08
Premium,0.69,0.23,4.85,0.15
Premium,0.58,0.43,4.64,0.17
Premium,0.66,0.66,3.11,0.07
Premium,0.69,0.45,4.93,0.17
Enterprise,0.57,0.37,4.84,0.12
Budget,0.69,0.27,4.96,0.12
Premium,0.62,0.42,3.65,0.08
Budget,0.78,0.4,3.33,0.15
Budget,0.39,0.69,4.87,0.19
Enterprise,0.66,0.11,4.91,0.17
Premium,0.77,0.19,3.0,0.06
Budget,0.3,0.56,4.15,0.09
Enterprise,0.4,0.6,3.76,0.09
Budget,0.65,0.19,3.93,0.06
Premium,0.65,0.19,4.14,0.06
Premium,0.45,0.66,4.53,0.2
Budget,0.72,0.21,4.21,0.18
Budget,0.7,0.54,4.4,0.17
Premium,0.31,0.41,4.02,0.14
Enterprise,0.74,0.63,3.3,0.06
Budget,0.42,0.22,4.19,0.1
Premium,0.35,0.38,3.32,0.11
Budget,0.42,0.57,3.14,0.19
Premium,0.43,0.2,4.05,0.16
Enterprise,0.66,0.39,4.72,0.08
Premium,0.21,0.41,4.15,0.15
Premium,0.74,0.2,4.66,0.09
Enterprise,0.46,0.47,3.18,0.13
Budget,0.5,0.2,4.35,0.11
Enterprise,0.8,0.16,3.31,0.18
Enterprise,0.64,0.64,3.33,0.16
Budget,0.3,0.33,4.74,0.16
Enterprise,0.34,0.23,4.33,0.08
Premium,0.59,0.67,3.21,0.18
Budget,0.64,0.16,4.15,0.14
Enterprise,0.61,0.37,3.09,0.09
Premium,0.55,0.31,4.35,0.16
Premium,0.34,0.6,3.57,0.08
Premium,0.73,0.57,3.04,0.07
Enterprise,0.64,0.16,4.79,0.07
Premium,0.32,0.26,3.57,0.07
Enterprise,0.78,0.12,3.67,0.12
Premium,0.43,0.25,4.15,0.08
Enterprise,0.6,0.6,4.75,0.16
Enterprise,0.31,0.68,3.19,0.17
Premium,0.63,0.56,4.76,0.13
Enterprise,0.46,0.41,4.86,0.11
Premium,0.52,0.34,3.66,0.13
Premium,0.52,0.53,3.23,0.09
Enterprise,0.64,0.52,3.6,0.09
Enterprise,0.41,0.67,3.57,0.07
Premium,0.65,0.52,3.39,0.15
Premium,0.68,0.46,3.71,0.08
Enterprise,0.45,0.27,4.59,0.14
Budget,0.54,0.28,4.69,0.1
Premium,0.25,0.56,3.62,0.17
Enterprise,0.46,0.62,3.28,0.18
Premium,0.61,0.16,4.26,0.18
Budget,0.48,0.34,3.79,0.06
Enterprise,0.7,0.5,3.07,0.11
Enterprise,0.56,0.31,4.62,0.19
Premium,0.29,0.33,3.02,0.14
Budget,0.51,0.14,4.27,0.17
Budget,0.44,0.33,4.1,0.16
Premium,0.45,0.27,4.4,0.13
Budget,0.79,0.2,4.32,0.16
Enterprise,0.24,0.3,4.32,0.16
Budget,0.35,0.16,4.1,0.1
Premium,0.62,0.54,3.41,0.18
Enterprise,0.3,0.48,4.08,0.15
Enterprise,0.7,0.64,3.94,0.09
Enterprise,0.7,0.32,3.6,0.12
Premium,0.38,0.23,3.94,0.19
Budget,0.6,0.59,3.35,0.19
Enterprise,0.71,0.17,4.93,0.09
Premium,0.31,0.16,3.15,0.13
Premium,0.79,0.46,4.42,0.19
Budget,0.3,0.69,3.99,0.05
Premium,0.72,0.31,3.14,0.17
Premium,0.25,0.17,3.02,0.15
Budget,0.55,0.53,4.35,0.11
Enterprise,0.65,0.11,4.84,0.1
Premium,0.75,0.39,3.64,0.14
Budget,0.22,0.14,4.55,0.16
Premium,0.5,0.69,4.93,0.09
Enterprise,0.68,0.25,3.82,0.18
Enterprise,0.27,0.47,4.37,0.15
Enterprise,0.52,0.22,4.91,0.18
Premium,0.24,0.67,3.43,0.2
Enterprise,0.36,0.13,3.17,0.17
Enterprise,0.51,0.51,4.58,0.15
Enterprise,0.72,0.49,4.6,0.18
Enterprise,0.26,0.29,4.54,0.18
Budget,0.46,0.23,3.06,0.12
Premium,0.52,0.58,4.59,0.15
Budget,0.32,0.64,3.63,0.1
Premium,0.29,0.47,4.66,0.16
Budget,0.51,0.67,4.07,0.2
Enterprise,0.76,0.43,4.36,0.08
Enterprise,0.72,0.29,4.5,0.15
Premium,0.79,0.12,3.92,0.11
Premium,0.63,0.51,4.74,0.17
Premium,0.42,0.67,4.69,0.17
Enterprise,0.75,0.56,4.47,0.07
Budget,0.72,0.65,4.9,0.09
Enterprise,0.35,0.57,4.38,0.18
Enterprise,0.53,0.67,4.26,0.06
Enterprise,0.72,0.38,3.21,0.18
Enterprise,0.5,0.5,4.16,0.19
Enterprise,0.69,0.31,4.45,0.17
Enterprise,0.68,0.39,4.76,0.16
Enterprise,0.61,0.15,4.32,0.19
Budget,0.4,0.33,3.52,0.13
Enterprise,0.2,0.65,4.52,0.07
Budget,0.37,0.23,3.01,0.05
Enterprise,0.74,0.52,3.38,0.14
Budget,0.69,0.62,3.42,0.06
Budget,0.25,0.43,4.55,0.19
Budget,0.77,0.67,3.09,0.11
Enterprise,0.54,0.43,3.25,0.12
Budget,0.34,0.3,3.46,0.19
Budget,0.59,0.19,3.94,0.06
Budget,0.7,0.21,3.75,0.1
Enterprise,0.35,0.12,3.02,0.08
Enterprise,0.62,0.21,3.32,0.14
Budget,0.23,0.25,4.68,0.19
Enterprise,0.51,0.46,4.51,0.07
Premium,0.59,0.25,3.87,0.08
Premium,0.57,0.45,3.95,0.18
Enterprise,0.74,0.14,4.13,0.18
Budget,0.75,0.65,4.41,0.15
Budget,0.38,0.46,3.95,0.09
Budget,0.48,0.31,4.64,0.07
Premium,0.37,0.29,3.08,0.19
Enterprise,0.65,0.6,3.48,0.2
Budget,0.22,0.18,3.91,0.18
Budget,0.4,0.59,3.11,0.1
Budget,0.61,0.1,3.66,0.08
Enterprise,0.56,0.11,4.43,0.09
Premium,0.21,0.6,4.92,0.2
Budget,0.66,0.12,4.03,0.1
Enterprise,0.78,0.28,3.84,0.11
Budget,0.38,0.54,4.68,0.18
Premium,0.5,0.17,3.17,0.17
Premium,0.64,0.39,3.84,0.1
Enterprise,0.35,0.11,4.43,0.12
Budget,0.63,0.47,4.23,0.18
Enterprise,0.27,0.47,3.35,0.15
Budget,0.42,0.47,4.21,0.06
Budget,0.71,0.59,3.94,0.08
Premium,0.56,0.64,3.09,0.13
Premium,0.47,0.15,3.52,0.08
Enterprise,0.51,0.41,3.45,0.15
Premium,0.32,0.66,4.37,0.19
Enterprise,0.33,0.17,4.29,0.2
Premium,0.78,0.18,4.16,0.17
Budget,0.7,0.27,4.27,0.14
Budget,0.38,0.12,3.8,0.18
Premium,0.72,0.27,3.04,0.1
Premium,0.61,0.19,3.45,0.09
Premium,0.3,0.45,4.78,0.05
Budget,0.41,0.14,4.36,0.09
Budget,0.33,0.18,4.82,0.12
Budget,0.45,0.33,3.24,0.17
Budget,0.24,0.28,4.82,0.05
Budget,0.51,0.22,4.39,0.13
Enterprise,0.37,0.69,4.9,0.16
Enterprise,0.38,0.19,4.02,0.12
Budget,0.76,0.65,3.27,0.13
Enterprise,0.62,0.21,3.8,0.19
Budget,0.67,0.61,4.34,0.07
Premium,0.72,0.66,3.88,0.13
Enterprise,0.74,0.38,3.02,0.14
Budget,0.56,0.66,3.93,0.11
Enterprise,0.56,0.5,4.29,0.18
Budget,0.35,0.11,4.29,0.15
Budget,0.7,0.35,4.85,0.2
Budget,0.48,0.55,3.8,0.07
Premium,0.45,0.69,3.8,0.1
Premium,0.56,0.46,3.03,0.07
Budget,0.48,0.22,4.83,0.11
Budget,0.49,0.13,4.01,0.09
Budget,0.25,0.19,3.16,0.1
Budget,0.27,0.19,4.04,0.11
Premium,0.55,0.38,4.58,0.07
Enterprise,0.4,0.36,4.17,0.11
Enterprise,0.54,0.47,3.93,0.09
Premium,0.62,0.11,4.34,0.07
Premium,0.7,0.54,3.69,0.11
Budget,0.41,0.63,3.12,0.2
Enterprise,0.61,0.23,4.33,0.18
Premium,0.72,0.36,3.01,0.07
Enterprise,0.32,0.15,4.48,0.06
Enterprise,0.41,0.11,4.6,0.15
Premium,0.71,0.35,4.58,0.18
Enterprise,0.67,0.52,4.43,0.06
Enterprise,0.67,0.69,3.93,0.16
Premium,0.52,0.3,3.5,0.13
Premium,0.45,0.22,4.5,0.1
Budget,0.45,0.18,4.35,0.08
Enterprise,0.35,0.57,3.88,0.11
Enterprise,0.41,0.48,3.43,0.09
Budget,0.65,0.44,3.26,0.08
Budget,0.38,0.55,3.69,0.19
Budget,0.46,0.5,3.86,0.19
Premium,0.31,0.37,3.84,0.07
Budget,0.68,0.51,4.97,0.07
Enterprise,0.29,0.29,4.23,0.2
Enterprise,0.38,0.26,3.24,0.14
Budget,0.73,0.41,4.45,0.09
Premium,0.66,0.54,3.58,0.15
Enterprise,0.66,0.47,4.75,0.14
Premium,0.54,0.24,3.25,0.19
Premium,0.64,0.11,4.59,0.05
Budget,0.75,0.53,4.54,0.14
Premium,0.48,0.68,3.43,0.15
Premium,0.33,0.1,3.31,0.14
Enterprise,0.5,0.42,3.63,0.13
Budget,0.67,0.3,3.29,0.09
Budget,0.33,0.27,4.76,0.19
Premium,0.66,0.61,4.49,0.19
Budget,0.77,0.41,3.28,0.11
Enterprise,0.56,0.63,3.84,0.12
Premium,0.79,0.15,4.45,0.15
Budget,0.39,0.28,4.06,0.1
Premium,0.24,0.24,4.16,0.06
Enterprise,0.38,0.13,4.37,0.09
Enterprise,0.22,0.15,4.44,0.13
Budget,0.3,0.22,3.36,0.06
Enterprise,0.63,0.53,3.34,0.1
Premium,0.52,0.31,4.66,0.13
Enterprise,0.5,0.7,3.87,0.13
Premium,0.51,0.15,3.07,0.19
Budget,0.54,0.58,3.31,0.13
Enterprise,0.74,0.44,3.04,0.14
Premium,0.72,0.12,4.27,0.06
Premium,0.32,0.29,3.97,0.18
Budget,0.49,0.66,3.2,0.12
Premium,0.52,0.4,4.94,0.17
Enterprise,0.62,0.16,3.82,0.15
Premium,0.76,0.12,3.43,0.12
Premium,0.28,0.41,3.39,0.13
Enterprise,0.29,0.31,4.11,0.07
Premium,0.77,0.62,3.42,0.05
Enterprise,0.38,0.67,4.04,0.08
Budget,0.35,0.15,3.58,0.12
Premium,0.73,0.68,4.72,0.13
Enterprise,0.4,0.31,3.46,0.17
Enterprise,0.69,0.2,3.78,0.08
Budget,0.61,0.26,3.31,0.14
Budget,0.46,0.32,3.86,0.1
Budget,0.53,0.12,3.92,0.09
Budget,0.63,0.58,4.98,0.18
Budget,0.22,0.4,4.72,0.06
Enterprise,0.55,0.57,3.45,0.07
Enterprise,0.4,0.51,3.09,0.06
Premium,0.78,0.31,3.6,0.12
Enterprise,0.8,0.3,3.85,0.2
Enterprise,0.24,0.31,4.37,0.16
Premium,0.3,0.47,4.96,0.06
Premium,0.2,0.24,4.58,0.07
Premium,0.57,0.27,4.31,0.13
Enterprise,0.76,0.37,4.99,0.06
Enterprise,0.66,0.17,3.38,0.13
Enterprise,0.7,0.48,3.32,0.1
Enterprise,0.74,0.22,3.24,0.16
Enterprise,0.38,0.66,4.46,0.11
Premium,0.45,0.46,4.17,0.05
Enterprise,0.56,0.5,3.5,0.16
Enterprise,0.7,0.43,3.61,0.15
Budget,0.7,0.3,4.59,0.06
Premium,0.51,0.54,4.46,0.13
Premium,0.39,0.37,3.85,0.09
Enterprise,0.48,0.2,3.78,0.16
Premium,0.28,0.17,3.09,0.18
Premium,0.75,0.13,3.37,0.05
Enterprise,0.65,0.29,4.51,0.17
Budget,0.55,0.17,3.37,0.13
Enterprise,0.43,0.27,4.83,0.07
Enterprise,0.21,0.27,3.76,0.06
Budget,0.21,0.5,4.91,0.07
Premium,0.33,0.56,4.16,0.07
Premium,0.55,0.43,4.75,0.15
Premium,0.68,0.15,4.4,0.13
Enterprise,0.56,0.57,4.7,0.06
Enterprise,0.25,0.46,3.97,0.19
Enterprise,0.28,0.33,3.86,0.14
Premium,0.69,0.64,3.48,0.16
Budget,0.57,0.19,3.25,0.08
Premium,0.37,0.52,3.51,0.13
Budget,0.25,0.44,3.11,0.14
Premium,0.62,0.4,3.39,0.18
Premium,0.68,0.19,3.65,0.1
Budget,0.34,0.14,4.6,0.13
Budget,0.65,0.44,3.81,0.12
Budget,0.4,0.4,3.26,0.2
Premium,0.44,0.32,3.82,0.16
Premium,0.73,0.2,3.04,0.12
Premium,0.25,0.31,4.2,0.18
Enterprise,0.42,0.49,4.62,0.09
Budget,0.61,0.15,3.85,0.06
Budget,0.3,0.45,3.38,0.09
Premium,0.45,0.38,3.88,0.14
Budget,0.51,0.44,4.33,0.06
Budget,0.46,0.31,3.2,0.1
Enterprise,0.36,0.47,3.52,0.08
Enterprise,0.4,0.23,3.51,0.06
Enterprise,0.78,0.37,4.56,0.11
Enterprise,0.29,0.48,4.14,0.07
Premium,0.39,0.52,3.69,0.12
Enterprise,0.72,0.15,4.81,0.09
Enterprise,0.58,0.62,3.15,0.13
Enterprise,0.74,0.51,4.58,0.09
Enterprise,0.3,0.69,4.3,0.1
Premium,0.49,0.16,3.21,0.19
Enterprise,0.75,0.57,4.71,0.18
Enterprise,0.33,0.58,3.91,0.08
Budget,0.37,0.65,3.37,0.08
Premium,0.55,0.69,4.38,0.16
Premium,0.4,0.32,4.5,0.18
Budget,0.33,0.64,4.69,0.08
Budget,0.24,0.46,4.54,0.07
Enterprise,0.3,0.41,4.68,0.08
Enterprise,0.57,0.2,4.52,0.2
Enterprise,0.4,0.39,4.41,0.18
Premium,0.8,0.65,4.37,0.18
Budget,0.73,0.16,3.36,0.16
Budget,0.31,0.59,3.37,0.13
Budget,0.67,0.4,3.98,0.1
Premium,0.26,0.24,3.71,0.06
Budget,0.52,0.64,4.01,0.12
Budget,0.64,0.61,3.76,0.05
Enterprise,0.53,0.27,4.83,0.1
Budget,0.2,0.18,4.16,0.12
Premium,0.54,0.3,3.94,0.1
Budget,0.67,0.43,4.66,0.08
Enterprise,0.46,0.28,3.43,0.11
Enterprise,0.34,0.57,3.07,0.12
Premium,0.36,0.16,4.72,0.07
Premium,0.38,0.7,4.47,0.11
Budget,0.74,0.48,4.78,0.19
Enterprise,0.31,0.35,4.7,0.18
Budget,0.53,0.36,4.11,0.07
Premium,0.8,0.67,3.22,0.09
Budget,0.37,0.23,4.75,0.2
Premium,0.23,0.64,4.54,0.14
Budget,0.48,0.67,4.74,0.18
Premium,0.35,0.42,3.39,0.07
Premium,0.72,0.34,4.41,0.16
Budget,0.45,0.48,4.03,0.05
Premium,0.61,0.29,4.77,0.09
Budget,0.43,0.52,3.73,0.06
Premium,0.31,0.12,3.98,0.2
Enterprise,0.35,0.36,3.93,0.13
Budget,0.72,0.31,3.75,0.13
Budget,0.54,0.49,3.23,0.12
Budget,0.23,0.22,3.98,0.07
Premium,0.39,0.33,3.41,0.1
Budget,0.67,0.57,3.98,0.06
Enterprise,0.21,0.37,3.5,0.13
Budget,0.75,0.46,4.18,0.06
Budget,0.72,0.17,3.77,0.1
Premium,0.63,0.11,3.62,0.18
Budget,0.24,0.15,3.84,0.08
Budget,0.68,0.27,4.99,0.07
Enterprise,0.24,0.64,4.46,0.17
Budget,0.4,0.49,4.78,0.07
Enterprise,0.58,0.24,4.73,0.14
Budget,0.41,0.1,3.59,0.12
Budget,0.34,0.45,3.16,0.07
Budget,0.46,0.59,4.03,0.17
Premium,0.21,0.36,4.51,0.07
Premium,0.29,0.29,4.84,0.13
Enterprise,0.29,0.67,4.39,0.14
Premium,0.56,0.62,4.67,0.11
Budget,0.61,0.22,3.15,0.06
Premium,0.53,0.47,4.54,0.17
Enterprise,0.49,0.56,3.88,0.19
Enterprise,0.2,0.63,3.43,0.19
Premium,0.27,0.56,3.77,0.17
Budget,0.31,0.16,3.2,0.09
Budget,0.71,0.52,4.29,0.09
Enterprise,0.43,0.61,4.72,0.08
Premium,0.65,0.43,4.56,0.11
Budget,0.63,0.15,3.69,0.06
Premium,0.26,0.44,4.25,0.08
Premium,0.56,0.6,4.1,0.16
Budget,0.33,0.54,4.96,0.13
Budget,0.48,0.63,4.74,0.17
Premium,0.45,0.55,3.82,0.07
Budget,0.6,0.19,4.97,0.07
Premium,0.51,0.66,3.84,0.12
Premium,0.2,0.27,4.36,0.13
Budget,0.71,0.16,4.13,0.16
Budget,0.64,0.68,3.84,0.11
Premium,0.47,0.66,3.6,0.11
Enterprise,0.49,0.6,3.5,0.16
Enterprise,0.24,0.42,3.26,0.12
Premium,0.76,0.12,4.31,0.1
Premium,0.61,0.5,4.9,0.11
Budget,0.39,0.15,3.72,0.12
Premium,0.21,0.34,4.58,0.18
Enterprise,0.65,0.25,3.36,0.05
Enterprise,0.52,0.39,4.44,0.12
Premium,0.76,0.68,4.02,0.12
Premium,0.41,0.21,3.02,0.08
Enterprise,0.46,0.35,4.26,0.14
Premium,0.52,0.24,3.07,0.11
Enterprise,0.4,0.48,4.98,0.09
Premium,0.43,0.12,4.65,0.1
Budget,0.54,0.1,4.74,0.09
Enterprise,0.61,0.32,3.35,0.12
Enterprise,0.63,0.43,3.87,0.13
Premium,0.2,0.21,3.25,0.19
Enterprise,0.65,0.27,4.2,0.07
Premium,0.43,0.57,4.89,0.13
Enterprise,0.62,0.67,3.7,0.14
Premium,0.39,0.37,3.24,0.09
Premium,0.41,0.32,3.86,0.06
Budget,0.33,0.57,4.26,0.08
Budget,0.22,0.52,3.87,0.12
Budget,0.48,0.11,4.09,0.14
Enterprise,0.6,0.14,3.76,0.13
Budget,0.69,0.32,3.86,0.07
Budget,0.21,0.11,3.43,0.11
Budget,0.63,0.41,3.16,0.05
Budget,0.6,0.32,3.29,0.07
Budget,0.34,0.16,4.19,0.16
Budget,0.66,0.39,4.28,0.19
Budget,0.27,0.44,4.63,0.14
Premium,0.33,0.67,3.63,0.1
Premium,0.38,0.2,4.74,0.11
Enterprise,0.37,0.66,4.82,0.13
Premium,0.5,0.42,4.69,0.13
Premium,0.27,0.41,4.92,0.1
Budget,0.61,0.47,3.89,0.1
Enterprise,0.42,0.68,4.38,0.18
Premium,0.36,0.23,3.71,0.15
Premium,0.54,0.14,4.46,0.15
Premium,0.77,0.67,4.94,0.1
Enterprise,0.46,0.49,3.05,0.15
Enterprise,0.49,0.4,4.03,0.08
Budget,0.23,0.4,4.54,0.19
Premium,0.74,0.43,4.47,0.12
Budget,0.27,0.66,4.89,0.09
Premium,0.72,0.27,3.49,0.12
Budget,0.73,0.47,3.07,0.12
Enterprise,0.36,0.33,4.1,0.2
Enterprise,0.53,0.29,3.76,0.1
Budget,0.64,0.26,4.39,0.11
Enterprise,0.6,0.17,4.99,0.07
Premium,0.27,0.31,4.62,0.08
Enterprise,0.76,0.21,4.39,0.19
Enterprise,0.75,0.53,3.65,0.15
Enterprise,0.79,0.49,4.96,0.12
Budget,0.65,0.44,4.75,0.1
Budget,0.46,0.15,3.47,0.06
Budget,0.22,0.14,4.43,0.08
Enterprise,0.32,0.35,4.65,0.07
Premium,0.38,0.38,3.47,0.08
Premium,0.69,0.39,3.36,0.09
Enterprise,0.46,0.21,4.59,0.18
Enterprise,0.64,0.61,3.87,0.06
Premium,0.75,0.46,4.32,0.13
Premium,0.31,0.16,3.48,0.09
Premium,0.52,0.26,4.17,0.06
Budget,0.26,0.25,4.36,0.18
Enterprise,0.5,0.69,3.62,0.12
Budget,0.8,0.33,4.88,0.11
Budget,0.28,0.14,4.66,0.11
Premium,0.6,0.33,4.07,0.1
Premium,0.39,0.24,4.94,0.19
Premium,0.79,0.69,4.22,0.15
Premium,0.44,0.67,3.52,0.12
Premium,0.65,0.37,4.55,0.08
Premium,0.24,0.45,4.86,0.07
Premium,0.48,0.37,4.77,0.13
Budget,0.63,0.29,4.43,0.13
Enterprise,0.23,0.33,4.29,0.11
Budget,0.66,0.44,3.54,0.11
Premium,0.77,0.43,4.01,0.09
Premium,0.64,0.27,4.47,0.08
Premium,0.35,0.43,3.18,0.12
Premium,0.5,0.19,4.27,0.13
Premium,0.69,0.7,3.18,0.12
Budget,0.26,0.57,3.88,0.11
Budget,0.73,0.13,3.55,0.08
Budget,0.26,0.25,4.91,0.06
Premium,0.28,0.41,4.23,0.07
Premium,0.4,0.62,4.36,0.09
Enterprise,0.25,0.48,4.53,0.09
Enterprise,0.59,0.13,3.42,0.16
Premium,0.24,0.12,3.13,0.08
Budget,0.79,0.5,4.8,0.2
Enterprise,0.31,0.59,3.8,0.14
Budget,0.63,0.12,3.26,0.12
Budget,0.32,0.68,3.01,0.14
Enterprise,0.73,0.18,3.89,0.1
Budget,0.64,0.28,3.54,0.11
Budget,0.41,0.21,3.6,0.07
Budget,0.39,0.33,4.93,0.07
Enterprise,0.49,0.23,3.93,0.14
Premium,0.64,0.45,4.35,0.12
Premium,0.53,0.41,4.04,0.17
Enterprise,0.45,0.69,3.35,0.08
Budget,0.65,0.55,3.02,0.15
Budget,0.36,0.24,4.96,0.11
Budget,0.28,0.12,3.21,0.14
Enterprise,0.39,0.29,3.22,0.16
Enterprise,0.51,0.64,3.77,0.06
Enterprise,0.49,0.55,3.97,0.13
Premium,0.66,0.36,3.16,0.18
Budget,0.36,0.59,4.84,0.1
Premium,0.54,0.68,3.07,0.19
Enterprise,0.52,0.34,3.72,0.18
Budget,0.61,0.7,4.81,0.13
Budget,0.46,0.28,4.24,0.19
Enterprise,0.43,0.48,4.18,0.17
Budget,0.72,0.25,4.37,0.14
Premium,0.6,0.43,3.1,0.19
Budget,0.55,0.2,3.14,0.18
Budget,0.68,0.35,4.37,0.07
Premium,0.76,0.3,3.2,0.13
Enterprise,0.79,0.27,4.83,0.07
Premium,0.72,0.49,3.32,0.07
Premium,0.68,0.67,3.58,0.07
Premium,0.22,0.45,4.19,0.17
Budget,0.39,0.18,3.87,0.05
Premium,0.77,0.42,3.71,0.19
Budget,0.27,0.2,4.64,0.1
Budget,0.63,0.51,3.62,0.16
Enterprise,0.7,0.12,4.51,0.08
Budget,0.74,0.37,4.28,0.13
Premium,0.68,0.38,4.45,0.05
Enterprise,0.2,0.28,3.89,0.14
Enterprise,0.5,0.31,4.64,0.05
Premium,0.77,0.58,3.69,0.07
Premium,0.39,0.34,3.2,0.07
Premium,0.25,0.4,4.13,0.12
Budget,0.74,0.13,3.24,0.05
Premium,0.77,0.65,4.1,0.1
Premium,0.23,0.49,3.24,0.1
Enterprise,0.65,0.5,3.96,0.07
Budget,0.22,0.39,4.98,0.1
Budget,0.39,0.39,4.81,0.06
Budget,0.5,0.65,3.34,0.2
Budget,0.34,0.15,4.21,0.15
Budget,0.55,0.44,3.03,0.16
Budget,0.38,0.48,4.16,0.18
Enterprise,0.7,0.59,3.92,0.18
Budget,0.66,0.64,3.67,0.13
Enterprise,0.72,0.46,4.98,0.05
Premium,0.79,0.24,3.68,0.09
Budget,0.21,0.33,3.36,0.13
Enterprise,0.38,0.16,4.27,0.14
Budget,0.64,0.46,4.44,0.12
Budget,0.79,0.19,3.28,0.12
Premium,0.67,0.36,3.95,0.11
Budget,0.75,0.59,3.44,0.17
Enterprise,0.23,0.44,3.63,0.16
Enterprise,0.21,0.39,3.85,0.11
Budget,0.28,0.37,3.94,0.17
Premium,0.67,0.4,3.75,0.08
Premium,0.48,0.31,3.88,0.12
Budget,0.34,0.13,4.1,0.09
Budget,0.62,0.39,3.27,0.09
Premium,0.48,0.33,4.67,0.15
Premium,0.59,0.23,4.82,0.18
Budget,0.51,0.47,3.2,0.08
Premium,0.75,0.21,3.64,0.18
Budget,0.57,0.46,4.68,0.09
Enterprise,0.38,0.69,4.7,0.11
Budget,0.77,0.26,3.01,0.19
Enterprise,0.27,0.29,3.03,0.08
Premium,0.33,0.66,4.14,0.12
Budget,0.34,0.51,3.17,0.12
Enterprise,0.73,0.35,3.01,0.17
Enterprise,0.38,0.23,3.43,0.07
Premium,0.34,0.12,3.35,0.06
Enterprise,0.7,0.4,3.13,0.07
Enterprise,0.62,0.48,3.92,0.12
Premium,0.47,0.26,3.81,0.07
Premium,0.42,0.23,3.82,0.16
Premium,0.46,0.66,3.07,0.12
Enterprise,0.35,0.23,4.63,0.16
Enterprise,0.63,0.18,3.22,0.19
Budget,0.45,0.13,4.44,0.09
Premium,0.68,0.26,4.76,0.2
Budget,0.73,0.35,3.01,0.09
Enterprise,0.74,0.43,4.72,0.13
Budget,0.22,0.57,3.99,0.19
Enterprise,0.4,0.57,4.25,0.1
Enterprise,0.41,0.22,4.36,0.07
Enterprise,0.59,0.19,4.55,0.07
Premium,0.31,0.18,3.83,0.18
Budget,0.73,0.43,3.13,0.12
Premium,0.22,0.52,3.05,0.16
Enterprise,0.79,0.22,3.9,0.09
Premium,0.38,0.25,4.59,0.16
Enterprise,0.68,0.27,4.7,0.14
Budget,0.42,0.52,4.79,0.1
Enterprise,0.34,0.21,4.49,0.17
Budget,0.41,0.39,3.84,0.19
Premium,0.4,0.36,4.21,0.12
Enterprise,0.3,0.63,4.98,0.06
Enterprise,0.37,0.27,3.54,0.07
Enterprise,0.72,0.13,3.24,0.06
Premium,0.24,0.68,3.67,0.18
Enterprise,0.73,0.24,3.98,0.06
Enterprise,0.34,0.59,3.81,0.15
Premium,0.36,0.36,4.86,0.09
Premium,0.69,0.55,4.96,0.13
Premium,0.37,0.11,3.75,0.06
Premium,0.37,0.37,3.14,0.11
Enterprise,0.76,0.54,4.46,0.09
Enterprise,0.41,0.19,4.19,0.15
Premium,0.5,0.21,4.12,0.19
Budget,0.39,0.52,4.31,0.11
Budget,0.74,0.37,3.57,0.1
Enterprise,0.21,0.33,3.83,0.07
Premium,0.68,0.55,4.35,0.06
Enterprise,0.8,0.51,3.14,0.11
Enterprise,0.38,0.47,3.67,0.13
Budget,0.79,0.21,3.1,0.18
Enterprise,0.49,0.61,3.32,0.16
Budget,0.41,0.3,4.98,0.16
Enterprise,0.23,0.68,4.0,0.12
Budget,0.4,0.67,3.97,0.05
Enterprise,0.7,0.67,3.47,0.15
Enterprise,0.75,0.43,3.52,0.06
Premium,0.34,0.54,3.59,0.16
Enterprise,0.27,0.4,4.07,0.15
Budget,0.63,0.39,3.89,0.13
Premium,0.54,0.65,3.56,0.05
Enterprise,0.6,0.35,3.95,0.08
Premium,0.44,0.53,3.68,0.12
Premium,0.45,0.2,4.91,0.12
Budget,0.58,0.53,4.29,0.07
Enterprise,0.33,0.21,4.03,0.11
Premium,0.43,0.42,4.95,0.13
Premium,0.43,0.66,4.98,0.15
Budget,0.25,0.41,4.41,0.08
Budget,0.62,0.14,3.97,0.12
Budget,0.35,0.57,4.69,0.14
Premium,0.5,0.34,4.44,0.19
Enterprise,0.43,0.59,3.01,0.14
Enterprise,0.24,0.57,3.77,0.17
Budget,0.55,0.21,3.75,0.09
Enterprise,0.54,0.66,3.62,0.08
Enterprise,0.25,0.17,4.83,0.06
Premium,0.39,0.33,3.78,0.16
Budget,0.79,0.14,3.39,0.06
Budget,0.69,0.38,4.43,0.15
Enterprise,0.58,0.21,3.55,0.06
Budget,0.27,0.66,4.69,0.07
Budget,0.37,0.68,3.31,0.1
Budget,0.29,0.1,4.7,0.1
Budget,0.39,0.56,4.38,0.1
Enterprise,0.65,0.38,4.89,0.08
Premium,0.45,0.44,4.41,0.18
Budget,0.76,0.54,4.45,0.1
Enterprise,0.37,0.23,3.97,0.1
Premium,0.32,0.29,4.63,0.06
Enterprise,0.2,0.63,4.77,0.13
Premium,0.35,0.14,3.89,0.06
Premium,0.55,0.38,3.81,0.15
Budget,0.57,0.66,4.04,0.16
Budget,0.31,0.17,4.2,0.11
Enterprise,0.48,0.56,3.04,0.07
Enterprise,0.37,0.27,4.6,0.09
Premium,0.36,0.62,3.05,0.13
Premium,0.5,0.69,3.13,0.06
Premium,0.39,0.24,4.93,0.11
Enterprise,0.77,0.3,4.24,0.11
Enterprise,0.46,0.33,3.09,0.13
Budget,0.76,0.18,4.77,0.16
Premium,0.65,0.48,3.37,0.14
Budget,0.22,0.55,3.32,0.19
Premium,0.34,0.12,3.91,0.1
Enterprise,0.49,0.15,4.56,0.06
Premium,0.38,0.66,4.59,0.15
Premium,0.61,0.22,3.45,0.14
Premium,0.31,0.69,3.29,0.15
Premium,0.73,0.54,3.16,0.19
Premium,0.43,0.55,3.67,0.1
Budget,0.72,0.42,3.95,0.18
Premium,0.33,0.27,3.69,0.15
Premium,0.72,0.31,4.32,0.17
Enterprise,0.34,0.69,4.1,0.13
Premium,0.42,0.66,3.96,0.05
Enterprise,0.35,0.1,3.05,0.1
Enterprise,0.28,0.23,3.94,0.2
Enterprise,0.66,0.37,3.74,0.17
Budget,0.24,0.51,3.58,0.11
Budget,0.69,0.11,4.56,0.08
Budget,0.77,0.57,3.94,0.06
Premium,0.35,0.23,4.51,0.05
Enterprise,0.67,0.17,3.1,0.05
Budget,0.71,0.67,3.12,0.15
Premium,0.27,0.35,3.66,0.13
Enterprise,0.55,0.32,3.57,0.13
Budget,0.45,0.6,3.85,0.17
Enterprise,0.75,0.6,4.41,0.1
Enterprise,0.39,0.24,3.12,0.09
Premium,0.27,0.68,3.09,0.17
Enterprise,0.52,0.53,3.91,0.08
Enterprise,0.49,0.47,4.53,0.15
Budget,0.64,0.28,4.37,0.11
Enterprise,0.67,0.28,3.96,0.15
Budget,0.32,0.5,4.83,0.09
Premium,0.38,0.41,4.45,0.12
Budget,0.73,0.52,4.34,0.16
Premium,0.66,0.19,4.83,0.07
Enterprise,0.57,0.64,4.26,0.1
Premium,0.24,0.11,3.99,0.14
Premium,0.48,0.41,4.02,0.1
Enterprise,0.45,0.61,3.25,0.17
Premium,0.49,0.59,3.57,0.18
Enterprise,0.31,0.31,3.95,0.09
Budget,0.55,0.53,4.99,0.08
Enterprise,0.26,0.26,3.97,0.19
Enterprise,0.25,0.65,3.11,0.09
Premium,0.69,0.17,4.71,0.15
Budget,0.21,0.66,3.54,0.11
Enterprise,0.66,0.41,4.88,0.09
Budget,0.53,0.62,3.19,0.13
Premium,0.24,0.17,4.75,0.05
Premium,0.67,0.17,3.21,0.05
Budget,0.77,0.31,4.88,0.16
Premium,0.27,0.5,3.5,0.12
Premium,0.35,0.68,3.7,0.19
Budget,0.52,0.32,3.42,0.06
Premium,0.66,0.24,4.7,0.1
Premium,0.4,0.59,4.94,0.06
Enterprise,0.3,0.44,4.12,0.12
Premium,0.25,0.3,4.68,0.14
Premium,0.21,0.59,3.22,0.2
Budget,0.71,0.63,3.65,0.09
Enterprise,0.51,0.46,3.0,0.07
Budget,0.27,0.36,3.6,0.1
Premium,0.67,0.33,3.35,0.14
Budget,0.68,0.5,4.79,0.11
Budget,0.21,0.35,4.85,0.19
Enterprise,0.35,0.64,4.94,0.1
Enterprise,0.38,0.16,3.47,0.19
Premium,0.78,0.64,3.43,0.16
Budget,0.55,0.63,4.82,0.15
Budget,0.51,0.37,4.83,0.12
Budget,0.28,0.66,4.63,0.15
Budget,0.55,0.62,3.39,0.17
Budget,0.26,0.32,3.5,0.2
Enterprise,0.62,0.44,4.91,0.13
Premium,0.46,0.29,3.17,0.19
Budget,0.53,0.14,3.18,0.18
Premium,0.68,0.17,3.37,0.15
Enterprise,0.44,0.63,3.85,0.07
Enterprise,0.27,0.35,4.19,0.05
Budget,0.49,0.49,3.4,0.06
Enterprise,0.57,0.66,4.98,0.18
Premium,0.46,0.63,3.85,0.09
Premium,0.36,0.25,3.06,0.19
Premium,0.76,0.64,4.1,0.19
Budget,0.77,0.51,4.79,0.08
Budget,0.53,0.1,4.0,0.14
Premium,0.54,0.46,4.51,0.11
Enterprise,0.64,0.6,4.72,0.09
Enterprise,0.8,0.56,3.7,0.14
Budget,0.35,0.65,4.18,0.16
Enterprise,0.56,0.19,3.81,0.16
Enterprise,0.65,0.67,4.04,0.11
Budget,0.34,0.37,4.64,0.19
Premium,0.66,0.36,4.07,0.14
Premium,0.68,0.49,4.22,0.1
Enterprise,0.46,0.67,3.85,0.1
Budget,0.58,0.33,3.4,0.18
Budget,0.48,0.51,4.59,0.14
Budget,0.72,0.13,3.54,0.07
Enterprise,0.3,0.4,3.96,0.11
Enterprise,0.47,0.45,3.89,0.06
Premium,0.76,0.45,4.57,0.08
Premium,0.23,0.69,4.91,0.17
Enterprise,0.56,0.66,5.0,0.12
Budget,0.52,0.53,3.96,0.06
Enterprise,0.75,0.31,4.91,0.06
Premium,0.38,0.61,4.03,0.15
Premium,0.34,0.39,3.59,0.11
Enterprise,0.3,0.54,4.12,0.12
Budget,0.37,0.69,3.82,0.06
Premium,0.4,0.2,4.81,0.09
Enterprise,0.37,0.57,3.63,0.1
Enterprise,0.52,0.21,4.27,0.13
Premium,0.23,0.45,4.45,0.1
Premium,0.5,0.34,3.65,0.17
Premium,0.7,0.52,4.83,0.06
Premium,0.45,0.58,4.61,0.06
Premium,0.77,0.66,4.09,0.12
Budget,0.29,0.3,3.06,0.13
Budget,0.35,0.2,3.97,0.06
Premium,0.63,0.12,3.23,0.19
Enterprise,0.56,0.45,3.07,0.17
Premium,0.33,0.27,3.11,0.09
Enterprise,0.35,0.67,3.97,0.18
Enterprise,0.76,0.45,3.6,0.17
Premium,0.46,0.17,4.91,0.09
Premium,0.47,0.34,4.81,0.12
Budget,0.73,0.42,3.29,0.15
Premium,0.74,0.4,4.36,0.2
Enterprise,0.32,0.52,4.76,0.06
Budget,0.3,0.5,4.9,0.06
Budget,0.71,0.65,3.8,0.17
Enterprise,0.65,0.3,3.47,0.07
Premium,0.75,0.58,3.21,0.17
Premium,0.74,0.57,4.93,0.13
Enterprise,0.42,0.15,4.87,0.14
Budget,0.23,0.11,4.91,0.15
Budget,0.27,0.65,4.84,0.05
Enterprise,0.26,0.57,3.87,0.2
Budget,0.24,0.47,4.18,0.06
Budget,0.39,0.13,3.56,0.08
Budget,0.36,0.36,4.19,0.1
Enterprise,0.43,0.11,3.66,0.08
Premium,0.59,0.49,3.76,0.08
Premium,0.64,0.16,4.53,0.08
Premium,0.42,0.65,3.54,0.08
Enterprise,0.37,0.18,3.21,0.11
Budget,0.53,0.55,3.0,0.06
Budget,0.23,0.63,3.49,0.15
Premium,0.31,0.49,3.41,0.2
Premium,0.56,0.48,3.46,0.11
Premium,0.59,0.28,4.44,0.15
Enterprise,0.71,0.59,4.67,0.15
Premium,0.64,0.4,3.78,0.16
Premium,0.77,0.14,3.06,0.08
Premium,0.39,0.38,4.77,0.17
Premium,0.58,0.25,4.86,0.09
Enterprise,0.71,0.4,4.0,0.15
Budget,0.66,0.48,3.23,0.13
Enterprise,0.44,0.27,3.47,0.15
Enterprise,0.6,0.17,4.91,0.09
Budget,0.23,0.2,4.2,0.13
Budget,0.49,0.66,3.02,0.1
Premium,0.42,0.52,3.12,0.09
Enterprise,0.74,0.15,3.35,0.18
Enterprise,0.69,0.24,4.1,0.07
Premium,0.6,0.53,4.52,0.18
Enterprise,0.7,0.45,4.01,0.09
Enterprise,0.37,0.6,4.16,0.12
Enterprise,0.77,0.49,4.76,0.05
Budget,0.25,0.32,3.31,0.13
Budget,0.58,0.11,3.49,0.14
Budget,0.72,0.68,3.47,0.14
Premium,0.31,0.14,4.42,0.16
Premium,0.79,0.65,4.95,0.11
Budget,0.59,0.5,3.71,0.07
Premium,0.69,0.48,4.41,0.19
Enterprise,0.64,0.65,3.73,0.14
Budget,0.22,0.26,3.91,0.17
Enterprise,0.59,0.34,4.98,0.06
Premium,0.72,0.45,3.82,0.2
Enterprise,0.46,0.58,4.69,0.19
Premium,0.36,0.41,3.49,0.2
Enterprise,0.74,0.52,3.72,0.17
Enterprise,0.32,0.57,4.7,0.08
Budget,0.76,0.67,3.71,0.05
Enterprise,0.66,0.21,3.49,0.09
Enterprise,0.43,0.1,3.07,0.12
Enterprise,0.23,0.14,4.1,0.11
Budget,0.67,0.18,4.2,0.19
Premium,0.21,0.32,3.08,0.08
Premium,0.32,0.36,4.03,0.19
Enterprise,0.45,0.56,4.86,0.06
Premium,0.61,0.3,3.93,0.12
Enterprise,0.61,0.15,4.61,0.2
Premium,0.48,0.3,3.84,0.06
Budget,0.65,0.45,3.75,0.18
Premium,0.78,0.69,3.85,0.06
Budget,0.23,0.23,4.79,0.07
Budget,0.25,0.48,3.75,0.1
Enterprise,0.54,0.52,3.29,0.19
Premium,0.23,0.59,3.62,0.1
Premium,0.2,0.17,4.47,0.09
Premium,0.66,0.1,4.75,0.06
Budget,0.43,0.43,4.21,0.14
Enterprise,0.27,0.44,4.42,0.18
Premium,0.74,0.55,4.13,0.14
Premium,0.79,0.32,3.82,0.11
Enterprise,0.57,0.52,4.32,0.1
Enterprise,0.36,0.69,3.47,0.19
Premium,0.25,0.33,3.27,0.12
Enterprise,0.42,0.52,4.12,0.05
Premium,0.27,0.65,3.98,0.19
Premium,0.5,0.41,4.21,0.18
Premium,0.33,0.48,3.94,0.18
Budget,0.37,0.66,4.59,0.18
Enterprise,0.63,0.68,3.55,0.1
Premium,0.58,0.41,3.77,0.06
Budget,0.25,0.12,3.73,0.17
Premium,0.38,0.61,3.46,0.11
Budget,0.77,0.15,4.54,0.13
Enterprise,0.34,0.32,3.29,0.16
Enterprise,0.35,0.17,3.45,0.12
Budget,0.28,0.21,4.29,0.12
Budget,0.54,0.44,4.55,0.17
Enterprise,0.39,0.43,3.68,0.15
Budget,0.51,0.18,3.57,0.13
Premium,0.66,0.51,4.18,0.1
Premium,0.61,0.63,4.13,0.14
Premium,0.77,0.35,4.36,0.2
Enterprise,0.6,0.18,4.04,0.15
Premium,0.45,0.44,4.08,0.15
Budget,0.56,0.44,4.53,0.1
Enterprise,0.51,0.54,3.5,0.19
Budget,0.29,0.25,3.4,0.16
Budget,0.46,0.64,4.49,0.2
Enterprise,0.46,0.24,3.78,0.1
Budget,0.76,0.1,3.16,0.15
Budget,0.74,0.39,3.95,0.12
Budget,0.27,0.15,3.8,0.18
Enterprise,0.22,0.67,4.14,0.18
Budget,0.64,0.65,3.85,0.09
Enterprise,0.68,0.15,3.95,0.2
Budget,0.28,0.16,3.09,0.12
Premium,0.77,0.36,4.51,0.16
Premium,0.66,0.35,4.59,0.06
Premium,0.62,0.52,3.91,0.17
Premium,0.25,0.28,3.81,0.16
Enterprise,0.48,0.13,3.63,0.07
Budget,0.3,0.32,3.62,0.2
Premium,0.65,0.22,4.87,0.13
Budget,0.51,0.25,3.91,0.09
Budget,0.23,0.17,3.59,0.09
Premium,0.44,0.13,4.26,0.2
Premium,0.7,0.25,4.13,0.11
Enterprise,0.63,0.24,4.07,0.15
Premium,0.51,0.54,3.65,0.15
Enterprise,0.48,0.69,4.95,0.1
Enterprise,0.44,0.23,4.79,0.18
Premium,0.74,0.13,4.28,0.14
Premium,0.35,0.42,3.09,0.16
Premium,0.45,0.22,3.92,0.15
Budget,0.68,0.27,3.77,0.06
Budget,0.73,0.62,3.11,0.1
Premium,0.43,0.35,3.7,0.06
Budget,0.74,0.31,3.71,0.11
Enterprise,0.25,0.4,4.07,0.1
Budget,0.43,0.11,4.98,0.12
Premium,0.57,0.35,3.3,0.2
Budget,0.49,0.29,4.65,0.15
Enterprise,0.25,0.24,3.68,0.1
Enterprise,0.72,0.32,3.82,0.14
Enterprise,0.45,0.44,3.3,0.07
Enterprise,0.62,0.41,3.56,0.17
Budget,0.71,0.13,3.34,0.15
Premium,0.39,0.36,4.48,0.14
Enterprise,0.44,0.37,4.84,0.16
Premium,0.22,0.6,4.4,0.13
Budget,0.55,0.3,3.41,0.09
Premium,0.52,0.2,4.23,0.15
Premium,0.61,0.48,4.39,0.18
Premium,0.46,0.64,4.96,0.2
Budget,0.33,0.56,4.35,0.1
Enterprise,0.4,0.44,3.37,0.13
Enterprise,0.21,0.36,4.84,0.14
Enterprise,0.73,0.49,3.9,0.14
Budget,0.79,0.49,4.71,0.18
Premium,0.77,0.67,3.84,0.06
Enterprise,0.57,0.61,4.42,0.08
Premium,0.34,0.4,3.22,0.06
Premium,0.59,0.57,4.23,0.18
Budget,0.4,0.27,3.86,0.16
Enterprise,0.77,0.11,4.75,0.13
Enterprise,0.41,0.36,3.85,0.19
Premium,0.37,0.55,3.32,0.1
Enterprise,0.32,0.3,4.52,0.18
Premium,0.69,0.2,4.36,0.15
Enterprise,0.53,0.31,4.14,0.08
Enterprise,0.62,0.41,3.38,0.08
Premium,0.44,0.29,3.78,0.12
Enterprise,0.72,0.51,3.4,0.08
Enterprise,0.25,0.68,3.96,0.17
Budget,0.6,0.33,4.97,0.06
Budget,0.29,0.67,3.43,0.13
Premium,0.76,0.14,3.03,0.17
Budget,0.3,0.66,3.45,0.09
Premium,0.54,0.34,3.97,0.14
Premium,0.42,0.68,4.92,0.06
Premium,0.43,0.13,3.32,0.11
Budget,0.52,0.26,4.37,0.07
Premium,0.67,0.34,4.55,0.15
Enterprise,0.54,0.44,4.4,0.06
Premium,0.6,0.14,4.6,0.16
Premium,0.45,0.42,4.59,0.09
Enterprise,0.29,0.36,4.78,0.07
Enterprise,0.5,0.36,4.65,0.05
Premium,0.75,0.61,3.8,0.16
Budget,0.74,0.27,4.21,0.07
Enterprise,0.6,0.31,4.32,0.18
Budget,0.49,0.12,4.47,0.07
Budget,0.79,0.55,4.58,0.07
Premium,0.59,0.66,3.1,0.07
Premium,0.7,0.43,3.89,0.11
Budget,0.43,0.24,4.74,0.08
Budget,0.65,0.58,3.13,0.08
Premium,0.7,0.36,3.91,0.1
Premium,0.67,0.44,3.46,0.07
Enterprise,0.6,0.37,3.51,0.19
Premium,0.26,0.28,3.97,0.08
Enterprise,0.21,0.67,4.94,0.19
Enterprise,0.35,0.31,3.07,0.1
Premium,0.25,0.17,4.78,0.17
Premium,0.53,0.22,3.47,0.07
Budget,0.78,0.19,3.92,0.14
Premium,0.6,0.69,4.06,0.15
Budget,0.69,0.31,4.55,0.15
Premium,0.61,0.61,4.14,0.09
Premium,0.52,0.59,4.72,0.15
Budget,0.7,0.54,4.52,0.11
Premium,0.64,0.54,3.0,0.18
Enterprise,0.51,0.54,3.99,0.06
Enterprise,0.56,0.5,4.64,0.13
Enterprise,0.27,0.1,3.65,0.09
Budget,0.73,0.57,3.59,0.06
Enterprise,0.51,0.14,3.77,0.07
Budget,0.4,0.51,3.56,0.15
Enterprise,0.76,0.44,3.71,0.11
Enterprise,0.7,0.64,3.17,0.19
Premium,0.27,0.46,4.91,0.08
Enterprise,0.62,0.5,4.04,0.07
Premium,0.56,0.44,3.8,0.14
Premium,0.64,0.24,3.87,0.15
Budget,0.24,0.43,3.62,0.2
Budget,0.54,0.52,4.88,0.18
Premium,0.73,0.52,3.45,0.06
Enterprise,0.39,0.53,3.73,0.1
Premium,0.58,0.3,4.63,0.07
Budget,0.53,0.33,4.49,0.14
Enterprise,0.62,0.66,3.95,0.12
Enterprise,0.6,0.46,4.37,0.09
Budget,0.59,0.21,3.07,0.15
Enterprise,0.36,0.35,4.59,0.11
Premium,0.55,0.67,4.94,0.18
Budget,0.21,0.53,3.8,0.05
Budget,0.33,0.36,3.55,0.08
Budget,0.42,0.25,4.89,0.11
Budget,0.35,0.17,4.19,0.17
Enterprise,0.69,0.42,3.8,0.08
Enterprise,0.59,0.26,4.89,0.2
Premium,0.54,0.41,3.94,0.1
Budget,0.33,0.62,4.03,0.13
Premium,0.76,0.55,3.91,0.12
Enterprise,0.53,0.4,4.89,0.07
Budget,0.71,0.54,4.77,0.14
Budget,0.34,0.46,3.8,0.07
Enterprise,0.57,0.17,3.17,0.13
Enterprise,0.32,0.3,3.36,0.19
Enterprise,0.25,0.46,4.86,0.06
Budget,0.66,0.42,4.02,0.15
Enterprise,0.37,0.59,3.1,0.19
Premium,0.28,0.36,4.64,0.16
Budget,0.48,0.37,3.06,0.13
Enterprise,0.61,0.43,3.42,0.12
Premium,0.22,0.46,3.72,0.13
Budget,0.72,0.25,3.99,0.13
Budget,0.46,0.31,4.11,0.16
Budget,0.77,0.59,4.37,0.16
Budget,0.3,0.17,4.36,0.13
Enterprise,0.72,0.14,3.17,0.09
Premium,0.44,0.58,4.88,0.14
Premium,0.29,0.5,3.65,0.06
Budget,0.42,0.11,3.93,0.15
Premium,0.54,0.65,3.35,0.11
Budget,0.69,0.36,3.5,0.11
Enterprise,0.46,0.13,3.22,0.14
Enterprise,0.63,0.44,4.53,0.14
Premium,0.76,0.31,3.71,0.16
Enterprise,0.41,0.4,4.07,0.19
Budget,0.27,0.47,4.8,0.06
Budget,0.71,0.16,4.49,0.12
Enterprise,0.39,0.19,3.19,0.09
Budget,0.7,0.55,3.55,0.05
Premium,0.51,0.29,3.8,0.06
Premium,0.53,0.49,4.31,0.09
Premium,0.43,0.13,4.18,0.1
Budget,0.78,0.48,4.29,0.15
Premium,0.4,0.59,4.92,0.18
Premium,0.26,0.62,3.58,0.1
Budget,0.62,0.22,3.24,0.13
Premium,0.64,0.64,4.86,0.12
Budget,0.25,0.18,3.52,0.16
Premium,0.74,0.68,3.94,0.08
Enterprise,0.4,0.47,3.65,0.12
Budget,0.52,0.64,3.31,0.12
Budget,0.77,0.57,4.44,0.19
Enterprise,0.39,0.57,4.98,0.17
Enterprise,0.33,0.65,3.89,0.07
Enterprise,0.7,0.12,3.91,0.07
Enterprise,0.46,0.28,3.5,0.08
Budget,0.22,0.37,4.93,0.18
Enterprise,0.39,0.47,3.13,0.17
Enterprise,0.76,0.2,3.46,0.07
Premium,0.31,0.4,4.48,0.15
Enterprise,0.58,0.19,3.96,0.06
Enterprise,0.73,0.52,3.59,0.08
Premium,0.76,0.58,4.87,0.17
Budget,0.57,0.14,3.06,0.11
Premium,0.4,0.61,4.0,0.06
Budget,0.6,0.35,4.94,0.08
Premium,0.71,0.21,3.7,0.09
Enterprise,0.54,0.37,4.81,0.12
Premium,0.74,0.69,4.94,0.08
Premium,0.38,0.52,3.74,0.17
Premium,0.35,0.66,4.61,0.1
Enterprise,0.69,0.39,3.41,0.17
Enterprise,0.59,0.45,4.91,0.09
Premium,0.27,0.3,3.94,0.15
Premium,0.22,0.33,4.34,0.17
Budget,0.45,0.7,4.93,0.07
Budget,0.79,0.15,3.79,0.07
Budget,0.39,0.29,3.35,0.17
Premium,0.29,0.68,4.8,0.19
Premium,0.52,0.13,4.83,0.19
Premium,0.63,0.23,4.82,0.18
Enterprise,0.56,0.6,4.8,0.09
Premium,0.2,0.57,4.11,0.16
Premium,0.21,0.37,4.57,0.19
Enterprise,0.71,0.43,4.89,0.15
Budget,0.57,0.22,4.12,0.17
Premium,0.78,0.64,3.06,0.12
Enterprise,0.8,0.18,4.5,0.16
Budget,0.43,0.61,3.98,0.05
Budget,0.35,0.62,4.08,0.19
Budget,0.67,0.27,3.58,0.17
Enterprise,0.29,0.27,3.59,0.14
Enterprise,0.53,0.67,3.36,0.12
Enterprise,0.67,0.15,4.43,0.07
Enterprise,0.44,0.52,4.06,0.14
Premium,0.32,0.62,3.86,0.19
Enterprise,0.3,0.43,3.71,0.19
Enterprise,0.63,0.69,3.99,0.13
Premium,0.41,0.29,4.73,0.18
Premium,0.32,0.19,3.71,0.12
Budget,0.25,0.45,4.91,0.18
Premium,0.31,0.49,3.93,0.19
Enterprise,0.66,0.27,3.27,0.11
Enterprise,0.5,0.3,4.76,0.2
Enterprise,0.4,0.42,3.56,0.07
Enterprise,0.57,0.57,4.33,0.1
Enterprise,0.23,0.16,4.63,0.13
Premium,0.6,0.27,3.56,0.08
Enterprise,0.26,0.41,4.51,0.05
Budget,0.73,0.44,3.72,0.1
Enterprise,0.37,0.39,4.88,0.16
Premium,0.46,0.62,3.84,0.13
Premium,0.32,0.28,4.81,0.15
Budget,0.57,0.36,3.22,0.17
Enterprise,0.33,0.23,3.92,0.06
Budget,0.65,0.24,3.49,0.15
Budget,0.45,0.21,4.57,0.16
Premium,0.32,0.48,3.63,0.12
Premium,0.24,0.32,4.23,0.05
Premium,0.51,0.41,3.22,0.12
Budget,0.68,0.54,4.73,0.2
Premium,0.62,0.38,3.55,0.09
Budget,0.42,0.12,3.27,0.16
Premium,0.39,0.25,3.38,0.14
Enterprise,0.22,0.36,3.76,0.2
Enterprise,0.34,0.4,4.18,0.17
Budget,0.61,0.55,4.39,0.13
Enterprise,0.8,0.45,3.8,0.18
Enterprise,0.79,0.26,4.39,0.15
Premium,0.44,0.28,4.77,0.07
Enterprise,0.62,0.61,3.18,0.11
Budget,0.41,0.17,4.86,0.12
Enterprise,0.57,0.21,3.07,0.19
Budget,0.49,0.49,3.66,0.16
Premium,0.23,0.22,4.4,0.19
